candidate_id,gender,race,age_group,income_bracket,education,disability,marital_status,experience_years,skills_score,interview_score,gpa,hired,gender_num,race_num,age_num,income_num,edu_num,disability_num
C0001,Male,White,26-35,Middle,Bachelors,None,Married,10,75,52,2.88,1,2,4,4,2,2,2
C0002,Non-binary,Black,26-35,High,Masters,None,Single,16,88,99,2.61,1,0,1,4,3,3,2
C0003,Female,Asian,46-55,Low,Masters,Physical,Divorced,4,98,48,2.66,1,1,3,2,1,3,1
C0004,Female,Hispanic,26-35,Middle,High School,None,Married,6,67,63,3.72,1,1,2,4,2,1,2
C0005,Male,Hispanic,26-35,Middle,High School,Physical,Single,18,82,54,2.56,1,2,2,4,2,1,1
C0006,Male,Hispanic,46-55,High,Bachelors,None,Divorced,14,74,75,3.49,1,2,2,2,3,2,2
C0007,Male,Hispanic,26-35,High,Bachelors,None,Married,2,80,52,2.91,1,2,2,4,3,2,2
C0008,Female,Asian,46-55,Low,Bachelors,Physical,Single,14,86,66,3.81,1,1,3,2,1,2,1
C0009,Female,White,18-25,Middle,Masters,None,Married,4,51,83,3.23,0,1,4,1,2,3,2
C0010,Female,Black,36-45,Low,High School,None,Single,11,82,76,2.96,1,1,1,3,1,1,2
C0011,Male,White,18-25,Middle,High School,None,Married,19,88,46,3.28,1,2,4,1,2,1,2
C0012,Non-binary,Other,18-25,Low,Bachelors,None,Married,4,92,47,3.07,1,0,0,1,1,2,2
C0013,Female,Asian,46-55,Middle,Masters,None,Divorced,2,92,76,3.35,0,1,3,2,2,3,2
C0014,Male,White,18-25,Middle,High School,None,Married,8,81,80,2.67,1,2,4,1,2,1,2
C0015,Male,Hispanic,36-45,Middle,Bachelors,None,Married,8,67,53,4.0,1,2,2,3,2,2,2
C0016,Male,Asian,26-35,Middle,Bachelors,None,Married,6,66,97,3.14,1,2,3,4,2,2,2
C0017,Male,White,26-35,Middle,Masters,None,Single,1,83,51,3.02,1,2,4,4,2,3,2
C0018,Female,Black,46-55,Middle,Masters,None,Married,15,88,75,3.57,0,1,1,2,2,3,2
C0019,Male,Asian,18-25,Low,Bachelors,None,Married,8,56,91,3.05,0,2,3,1,1,2,2
C0020,Male,White,36-45,High,High School,Physical,Single,12,91,79,3.75,1,2,4,3,3,1,1
C0021,Female,Hispanic,55+,Low,Bachelors,None,Married,18,84,56,3.18,0,1,2,1,1,2,2
C0022,Male,White,36-45,Middle,High School,None,Divorced,19,79,79,3.58,1,2,4,3,2,1,2
C0023,Male,Asian,55+,Middle,Masters,Mental,Divorced,16,61,92,2.66,0,2,3,1,2,3,0
C0024,Male,Other,18-25,Middle,Masters,None,Single,5,84,68,3.77,1,2,0,1,2,3,2
C0025,Male,Asian,26-35,Low,Masters,Mental,Single,3,60,66,3.6,0,2,3,4,1,3,0
C0026,Female,Black,26-35,Middle,Masters,None,Single,0,93,40,2.82,1,1,1,4,2,3,2
C0027,Male,Asian,46-55,High,Bachelors,None,Divorced,17,53,91,2.72,1,2,3,2,3,2,2
C0028,Female,Asian,55+,Middle,High School,None,Single,18,74,73,2.97,1,1,3,1,2,1,2
C0029,Female,White,26-35,Middle,Masters,None,Married,8,97,43,3.96,1,1,4,4,2,3,2
C0030,Male,Asian,36-45,Middle,Bachelors,None,Single,12,81,63,2.89,1,2,3,3,2,2,2
C0031,Female,White,26-35,Low,Masters,None,Married,7,69,60,3.18,0,1,4,4,1,3,2
C0032,Male,Black,36-45,Middle,Bachelors,None,Single,12,99,72,2.55,1,2,1,3,2,2,2
C0033,Male,White,26-35,High,High School,None,Married,14,80,46,3.1,1,2,4,4,3,1,2
C0034,Non-binary,White,55+,Low,PhD,None,Single,10,53,40,3.36,1,0,4,1,1,4,2
C0035,Non-binary,White,36-45,Low,High School,None,Married,11,87,80,3.93,0,0,4,3,1,1,2
C0036,Female,Hispanic,26-35,Low,PhD,None,Single,13,96,42,3.28,0,1,2,4,1,4,2
C0037,Male,White,18-25,Middle,PhD,None,Married,3,50,83,3.73,1,2,4,1,2,4,2
C0038,Male,Hispanic,18-25,High,Masters,Mental,Divorced,0,52,90,3.32,0,2,2,1,3,3,0
C0039,Female,White,26-35,Low,Masters,None,Single,3,86,54,2.56,0,1,4,4,1,3,2
C0040,Male,White,26-35,Middle,Bachelors,Mental,Divorced,18,71,70,2.97,1,2,4,4,2,2,0
C0041,Male,Black,46-55,Low,Masters,None,Married,8,66,93,3.36,1,2,1,2,1,3,2
C0042,Female,Hispanic,36-45,High,Bachelors,None,Single,9,63,55,3.93,1,1,2,3,3,2,2
C0043,Male,White,36-45,Low,Bachelors,None,Married,3,90,49,3.79,1,2,4,3,1,2,2
C0044,Female,Black,18-25,Middle,Bachelors,None,Single,19,84,93,2.84,1,1,1,1,2,2,2
C0045,Male,Asian,46-55,Middle,Bachelors,None,Married,8,62,68,2.83,1,2,3,2,2,2,2
C0046,Female,Black,36-45,Middle,Bachelors,None,Married,12,84,98,2.8,1,1,1,3,2,2,2
C0047,Male,White,18-25,Middle,Bachelors,None,Single,11,92,98,3.88,1,2,4,1,2,2,2
C0048,Female,White,36-45,Middle,Bachelors,None,Married,10,51,45,3.78,1,1,4,3,2,2,2
C0049,Female,Asian,36-45,Middle,Masters,None,Married,11,96,68,3.66,1,1,3,3,2,3,2
C0050,Male,White,18-25,Low,High School,None,Divorced,17,62,56,3.09,1,2,4,1,1,1,2
C0051,Non-binary,Asian,26-35,Low,PhD,None,Married,11,65,92,3.26,1,0,3,4,1,4,2
C0052,Female,Black,36-45,Middle,Masters,None,Divorced,15,67,99,3.2,1,1,1,3,2,3,2
C0053,Female,Asian,18-25,Low,Masters,None,Married,4,56,61,2.88,0,1,3,1,1,3,2
C0054,Female,Hispanic,55+,Low,Bachelors,None,Single,19,94,63,3.26,0,1,2,1,1,2,2
C0055,Female,Other,46-55,Middle,Masters,None,Married,11,85,56,2.55,1,1,0,2,2,3,2
C0056,Female,White,36-45,High,High School,None,Married,10,90,60,2.7,0,1,4,3,3,1,2
C0057,Male,Hispanic,26-35,Middle,Masters,None,Married,8,79,90,3.83,1,2,2,4,2,3,2
C0058,Male,White,26-35,Low,High School,None,Married,17,91,89,3.63,1,2,4,4,1,1,2
C0059,Male,Black,36-45,Low,Masters,None,Married,2,90,50,3.13,1,2,1,3,1,3,2
C0060,Male,Black,36-45,High,PhD,None,Married,19,56,95,3.28,1,2,1,3,3,4,2
C0061,Male,Asian,18-25,Low,Bachelors,Mental,Married,16,64,46,3.05,0,2,3,1,1,2,0
C0062,Male,Other,36-45,Low,High School,Mental,Single,13,89,81,3.61,1,2,0,3,1,1,0
C0063,Female,Hispanic,46-55,Middle,Masters,None,Married,0,68,78,3.68,1,1,2,2,2,3,2
C0064,Male,White,26-35,Middle,Bachelors,None,Married,16,92,44,3.64,1,2,4,4,2,2,2
C0065,Male,Black,18-25,Middle,Masters,None,Single,7,86,83,3.58,1,2,1,1,2,3,2
C0066,Female,Hispanic,46-55,Low,High School,None,Married,4,51,87,2.81,0,1,2,2,1,1,2
C0067,Male,White,26-35,Low,High School,None,Married,4,91,96,3.01,1,2,4,4,1,1,2
C0068,Female,White,26-35,High,PhD,None,Single,8,97,60,3.2,1,1,4,4,3,4,2
C0069,Male,White,18-25,Low,Masters,Mental,Single,2,62,57,3.0,0,2,4,1,1,3,0
C0070,Non-binary,White,26-35,Middle,Masters,None,Single,18,89,74,3.63,1,0,4,4,2,3,2
C0071,Female,White,46-55,Middle,Bachelors,None,Divorced,8,90,59,2.99,1,1,4,2,2,2,2
C0072,Male,White,36-45,Middle,Masters,None,Single,17,92,54,2.71,1,2,4,3,2,3,2
C0073,Male,White,26-35,Middle,Bachelors,None,Single,15,92,44,3.1,1,2,4,4,2,2,2
C0074,Female,White,46-55,Low,Bachelors,None,Married,0,80,52,3.97,1,1,4,2,1,2,2
C0075,Female,Other,46-55,Middle,Masters,Mental,Single,1,65,90,2.84,0,1,0,2,2,3,0
C0076,Female,Black,46-55,High,Bachelors,None,Single,13,91,51,3.42,1,1,1,2,3,2,2
C0077,Female,White,26-35,High,Bachelors,None,Single,13,93,94,3.15,1,1,4,4,3,2,2
C0078,Male,Hispanic,26-35,Low,Bachelors,None,Married,0,55,60,2.61,1,2,2,4,1,2,2
C0079,Male,White,55+,Low,Masters,None,Married,15,77,76,3.23,1,2,4,1,1,3,2
C0080,Male,Asian,46-55,High,High School,None,Single,14,81,45,3.55,1,2,3,2,3,1,2
C0081,Female,Hispanic,18-25,Middle,Masters,None,Married,14,93,46,3.27,0,1,2,1,2,3,2
C0082,Female,White,18-25,High,High School,None,Divorced,11,59,65,3.81,1,1,4,1,3,1,2
C0083,Male,White,26-35,Low,Bachelors,Physical,Single,15,99,81,2.93,1,2,4,4,1,2,1
C0084,Male,Asian,46-55,Middle,Masters,None,Single,13,67,87,2.63,1,2,3,2,2,3,2
C0085,Male,Asian,36-45,Middle,High School,None,Single,14,53,47,3.9,1,2,3,3,2,1,2
C0086,Male,Black,36-45,Middle,High School,None,Married,14,58,48,3.07,1,2,1,3,2,1,2
C0087,Female,Black,18-25,Middle,High School,None,Married,18,56,66,3.36,0,1,1,1,2,1,2
C0088,Female,White,36-45,Low,Bachelors,None,Single,7,99,43,3.69,1,1,4,3,1,2,2
C0089,Female,Other,46-55,Middle,Masters,None,Married,1,57,60,2.99,0,1,0,2,2,3,2
C0090,Male,White,26-35,Low,High School,None,Single,1,92,70,3.57,1,2,4,4,1,1,2
C0091,Male,Asian,46-55,Middle,Masters,None,Married,9,56,60,2.7,1,2,3,2,2,3,2
C0092,Female,Hispanic,55+,High,Bachelors,None,Married,2,90,79,2.94,1,1,2,1,3,2,2
C0093,Female,Black,26-35,Middle,Bachelors,Physical,Single,16,89,64,2.72,1,1,1,4,2,2,1
C0094,Female,Black,36-45,High,PhD,None,Married,7,52,78,3.72,1,1,1,3,3,4,2
C0095,Female,White,26-35,Low,Bachelors,None,Single,3,66,54,2.83,1,1,4,4,1,2,2
C0096,Female,White,46-55,Middle,Bachelors,None,Married,13,51,92,3.58,1,1,4,2,2,2,2
C0097,Female,White,36-45,High,High School,Physical,Single,9,64,74,3.91,1,1,4,3,3,1,1
C0098,Male,White,36-45,Low,High School,None,Divorced,0,95,88,3.29,1,2,4,3,1,1,2
C0099,Male,Hispanic,46-55,Low,Bachelors,None,Single,3,78,82,3.31,0,2,2,2,1,2,2
C0100,Male,White,26-35,Middle,High School,None,Divorced,0,99,80,3.19,1,2,4,4,2,1,2
C0101,Male,White,55+,Low,Bachelors,None,Single,16,97,76,2.99,1,2,4,1,1,2,2
C0102,Female,Other,36-45,Middle,Bachelors,None,Married,16,71,96,3.21,1,1,0,3,2,2,2
C0103,Male,Asian,18-25,High,Bachelors,None,Single,6,53,81,3.4,1,2,3,1,3,2,2
C0104,Female,Asian,36-45,Middle,High School,None,Divorced,19,55,86,3.98,1,1,3,3,2,1,2
C0105,Female,Other,46-55,Low,Bachelors,None,Single,14,87,67,3.91,1,1,0,2,1,2,2
C0106,Male,White,26-35,Middle,Masters,None,Single,12,75,53,3.79,1,2,4,4,2,3,2
C0107,Male,White,46-55,Middle,PhD,None,Married,1,60,43,3.83,1,2,4,2,2,4,2
C0108,Female,Hispanic,46-55,Low,High School,None,Single,18,75,92,3.2,1,1,2,2,1,1,2
C0109,Male,Hispanic,26-35,Middle,Masters,None,Single,12,66,59,3.49,1,2,2,4,2,3,2
C0110,Male,White,55+,Middle,Bachelors,Mental,Divorced,10,73,73,3.84,0,2,4,1,2,2,0
C0111,Male,Hispanic,18-25,Middle,Bachelors,Mental,Divorced,14,77,51,3.09,1,2,2,1,2,2,0
C0112,Male,White,26-35,Low,Bachelors,Physical,Single,9,84,72,3.94,0,2,4,4,1,2,1
C0113,Female,White,26-35,Middle,High School,None,Divorced,8,80,63,3.12,1,1,4,4,2,1,2
C0114,Female,Black,46-55,Low,High School,None,Married,8,62,59,3.4,0,1,1,2,1,1,2
C0115,Female,Black,36-45,Low,Bachelors,None,Single,19,84,44,3.56,1,1,1,3,1,2,2
C0116,Female,Black,18-25,High,Bachelors,None,Married,0,65,77,3.93,0,1,1,1,3,2,2
C0117,Female,White,26-35,Middle,PhD,None,Married,16,64,69,2.87,0,1,4,4,2,4,2
C0118,Male,Asian,36-45,Low,Bachelors,None,Divorced,11,92,63,3.62,1,2,3,3,1,2,2
C0119,Female,White,18-25,Low,High School,None,Single,9,67,82,3.28,0,1,4,1,1,1,2
C0120,Female,White,46-55,Low,Masters,None,Married,4,96,79,2.9,1,1,4,2,1,3,2
C0121,Female,Asian,46-55,Low,Bachelors,None,Single,17,86,46,3.66,1,1,3,2,1,2,2
C0122,Female,Other,36-45,Low,Bachelors,Mental,Single,14,97,75,3.33,1,1,0,3,1,2,0
C0123,Male,Asian,55+,Low,Masters,None,Single,5,97,77,3.49,1,2,3,1,1,3,2
C0124,Male,Hispanic,26-35,Middle,PhD,None,Divorced,6,98,55,2.98,1,2,2,4,2,4,2
C0125,Male,Hispanic,55+,Middle,Masters,Physical,Married,16,90,91,3.22,1,2,2,1,2,3,1
C0126,Male,Black,36-45,Middle,Masters,None,Married,5,76,54,3.43,1,2,1,3,2,3,2
C0127,Female,White,36-45,Middle,Masters,None,Married,7,84,85,3.11,1,1,4,3,2,3,2
C0128,Female,White,18-25,Low,PhD,None,Single,11,94,62,2.8,1,1,4,1,1,4,2
C0129,Male,White,46-55,High,Bachelors,None,Single,13,84,51,3.94,1,2,4,2,3,2,2
C0130,Female,White,26-35,High,High School,Physical,Single,11,77,68,3.27,1,1,4,4,3,1,1
C0131,Male,Hispanic,18-25,High,Bachelors,None,Single,9,88,83,3.6,1,2,2,1,3,2,2
C0132,Male,Black,18-25,High,High School,None,Married,19,87,87,3.12,1,2,1,1,3,1,2
C0133,Male,White,36-45,High,Masters,None,Married,14,58,54,3.03,1,2,4,3,3,3,2
C0134,Male,White,36-45,Middle,Bachelors,None,Single,6,61,68,3.11,1,2,4,3,2,2,2
C0135,Non-binary,Hispanic,36-45,Low,Bachelors,Mental,Single,8,64,84,3.11,0,0,2,3,1,2,0
C0136,Male,White,46-55,Middle,High School,None,Single,9,70,82,3.32,1,2,4,2,2,1,2
C0137,Female,Asian,18-25,Middle,Masters,None,Married,9,84,88,3.32,1,1,3,1,2,3,2
C0138,Female,Black,46-55,Middle,Bachelors,None,Divorced,15,91,60,3.25,1,1,1,2,2,2,2
C0139,Male,Black,26-35,Middle,Masters,None,Married,6,82,54,2.7,1,2,1,4,2,3,2
C0140,Non-binary,Black,46-55,Low,Bachelors,Mental,Married,4,68,53,3.24,0,0,1,2,1,2,0
C0141,Non-binary,Asian,46-55,Middle,Bachelors,None,Married,2,72,81,2.75,0,0,3,2,2,2,2
C0142,Male,White,36-45,High,High School,None,Single,17,62,83,2.69,1,2,4,3,3,1,2
C0143,Female,Hispanic,36-45,Middle,High School,None,Single,10,93,55,3.9,1,1,2,3,2,1,2
C0144,Male,Black,26-35,Middle,Masters,None,Divorced,14,50,54,3.41,1,2,1,4,2,3,2
C0145,Male,White,26-35,Low,PhD,None,Married,19,78,81,3.49,1,2,4,4,1,4,2
C0146,Male,Asian,46-55,Middle,Bachelors,Physical,Single,4,73,43,3.1,0,2,3,2,2,2,1
C0147,Female,Hispanic,26-35,High,High School,None,Married,11,65,66,3.86,1,1,2,4,3,1,2
C0148,Female,Hispanic,26-35,Middle,Bachelors,Physical,Married,3,74,62,3.46,0,1,2,4,2,2,1
C0149,Male,Asian,36-45,High,Masters,None,Married,14,72,68,3.65,1,2,3,3,3,3,2
C0150,Male,Asian,46-55,Middle,Masters,None,Divorced,8,77,80,3.05,1,2,3,2,2,3,2
C0151,Female,Hispanic,26-35,Middle,High School,None,Married,6,96,92,3.94,0,1,2,4,2,1,2
C0152,Male,Asian,18-25,Low,High School,None,Married,9,65,91,3.73,1,2,3,1,1,1,2
C0153,Male,Hispanic,36-45,Middle,Masters,Physical,Single,12,92,48,3.78,1,2,2,3,2,3,1
C0154,Female,Hispanic,46-55,Middle,Bachelors,None,Single,7,87,92,2.76,1,1,2,2,2,2,2
C0155,Non-binary,Black,18-25,Middle,Bachelors,None,Single,11,60,96,2.91,1,0,1,1,2,2,2
C0156,Male,Hispanic,26-35,Middle,High School,None,Single,18,52,95,2.93,1,2,2,4,2,1,2
C0157,Female,White,18-25,High,Bachelors,None,Married,0,64,91,2.91,1,1,4,1,3,2,2
C0158,Female,Asian,26-35,Low,Masters,None,Married,15,50,82,3.78,1,1,3,4,1,3,2
C0159,Male,Asian,26-35,High,PhD,None,Single,16,56,82,2.55,1,2,3,4,3,4,2
C0160,Female,White,46-55,Low,Bachelors,None,Married,17,50,46,2.61,1,1,4,2,1,2,2
C0161,Male,Asian,36-45,Middle,Bachelors,None,Single,10,98,92,2.91,1,2,3,3,2,2,2
C0162,Female,White,36-45,Low,High School,None,Single,17,81,81,2.8,1,1,4,3,1,1,2
C0163,Female,White,26-35,Middle,Bachelors,None,Single,6,58,43,2.85,0,1,4,4,2,2,2
C0164,Female,Hispanic,46-55,Middle,Bachelors,None,Single,17,78,44,3.7,1,1,2,2,2,2,2
C0165,Male,White,26-35,Low,Bachelors,None,Single,7,75,44,3.34,1,2,4,4,1,2,2
C0166,Female,Hispanic,55+,Middle,Bachelors,Mental,Married,5,72,50,2.51,0,1,2,1,2,2,0
C0167,Male,Asian,36-45,High,High School,None,Married,6,94,80,3.14,1,2,3,3,3,1,2
C0168,Male,Black,18-25,Low,High School,None,Divorced,9,92,67,3.11,1,2,1,1,1,1,2
C0169,Male,White,36-45,High,Bachelors,None,Single,10,78,55,2.67,1,2,4,3,3,2,2
C0170,Female,White,26-35,Middle,High School,None,Single,12,87,80,3.51,1,1,4,4,2,1,2
C0171,Female,Black,36-45,Middle,High School,None,Single,8,82,93,3.55,1,1,1,3,2,1,2
C0172,Male,Other,18-25,Low,PhD,None,Married,6,56,69,3.58,1,2,0,1,1,4,2
C0173,Female,Black,18-25,Low,Bachelors,None,Single,8,61,43,3.59,0,1,1,1,1,2,2
C0174,Male,White,46-55,Low,Bachelors,None,Married,12,80,41,2.5,0,2,4,2,1,2,2
C0175,Female,Black,26-35,Low,Masters,None,Married,2,81,85,3.93,1,1,1,4,1,3,2
C0176,Male,Black,46-55,Low,PhD,None,Married,2,69,42,3.72,1,2,1,2,1,4,2
C0177,Female,Hispanic,26-35,Middle,Bachelors,Physical,Married,0,66,89,3.86,0,1,2,4,2,2,1
C0178,Male,White,36-45,High,Masters,None,Single,19,85,60,2.52,1,2,4,3,3,3,2
C0179,Female,Hispanic,36-45,High,Bachelors,None,Single,1,52,45,3.9,1,1,2,3,3,2,2
C0180,Male,Black,36-45,Middle,Bachelors,Physical,Single,2,50,82,3.71,0,2,1,3,2,2,1
C0181,Male,Other,26-35,Low,Bachelors,None,Married,14,99,92,3.76,1,2,0,4,1,2,2
C0182,Male,White,26-35,Low,Masters,Physical,Single,5,76,57,2.64,0,2,4,4,1,3,1
C0183,Female,Black,18-25,Middle,Masters,None,Single,12,96,83,3.61,1,1,1,1,2,3,2
C0184,Female,Asian,26-35,Low,Bachelors,Mental,Divorced,0,89,44,3.94,0,1,3,4,1,2,0
C0185,Male,White,36-45,Middle,High School,None,Single,19,82,48,3.52,1,2,4,3,2,1,2
C0186,Female,Asian,55+,Middle,Bachelors,Mental,Married,18,69,59,3.36,1,1,3,1,2,2,0
C0187,Female,Hispanic,46-55,Middle,High School,None,Married,0,63,67,3.92,0,1,2,2,2,1,2
C0188,Female,White,46-55,Middle,Bachelors,None,Single,1,85,65,3.16,1,1,4,2,2,2,2
C0189,Female,White,46-55,High,Masters,Mental,Single,14,54,57,3.4,1,1,4,2,3,3,0
C0190,Male,Hispanic,36-45,High,Masters,None,Single,13,72,58,3.21,1,2,2,3,3,3,2
C0191,Male,White,26-35,Middle,Masters,None,Married,18,94,42,3.9,1,2,4,4,2,3,2
C0192,Female,Black,46-55,High,Masters,None,Married,10,64,48,2.61,1,1,1,2,3,3,2
C0193,Female,White,36-45,High,Bachelors,None,Married,14,55,75,3.25,1,1,4,3,3,2,2
C0194,Female,Black,36-45,Middle,Masters,Mental,Divorced,5,82,70,3.53,1,1,1,3,2,3,0
C0195,Male,White,18-25,Middle,Bachelors,None,Married,19,68,88,3.69,1,2,4,1,2,2,2
C0196,Male,Asian,26-35,Middle,High School,None,Single,8,62,56,3.37,1,2,3,4,2,1,2
C0197,Female,Other,26-35,High,High School,None,Single,4,78,94,3.86,0,1,0,4,3,1,2
C0198,Female,Other,46-55,High,Bachelors,None,Married,19,55,62,3.91,1,1,0,2,3,2,2
C0199,Female,Hispanic,36-45,Low,Bachelors,None,Single,1,64,73,2.6,1,1,2,3,1,2,2
C0200,Female,White,26-35,Middle,Bachelors,None,Single,5,65,80,3.1,1,1,4,4,2,2,2
C0201,Female,Hispanic,55+,Middle,Masters,None,Married,17,73,80,2.54,0,1,2,1,2,3,2
C0202,Male,White,18-25,Middle,High School,Mental,Married,18,72,44,2.99,0,2,4,1,2,1,0
C0203,Male,White,26-35,Low,High School,None,Divorced,8,97,54,3.31,1,2,4,4,1,1,2
C0204,Female,White,18-25,High,PhD,None,Married,5,59,86,3.87,1,1,4,1,3,4,2
C0205,Female,Black,46-55,Middle,High School,Mental,Single,13,90,42,3.77,0,1,1,2,2,1,0
C0206,Male,Hispanic,55+,High,Bachelors,None,Divorced,12,90,58,2.69,1,2,2,1,3,2,2
C0207,Male,Hispanic,26-35,High,Bachelors,None,Single,10,98,67,2.64,1,2,2,4,3,2,2
C0208,Female,Black,46-55,Middle,Bachelors,None,Single,11,66,42,3.38,0,1,1,2,2,2,2
C0209,Male,White,26-35,Middle,High School,Physical,Married,18,98,77,3.3,0,2,4,4,2,1,1
C0210,Male,Other,55+,Middle,High School,None,Single,18,93,43,2.9,1,2,0,1,2,1,2
C0211,Female,Black,46-55,Low,High School,Mental,Married,18,94,63,3.85,1,1,1,2,1,1,0
C0212,Female,Black,46-55,Middle,Bachelors,None,Single,12,79,70,3.89,1,1,1,2,2,2,2
C0213,Female,White,18-25,Low,Bachelors,None,Married,13,93,84,3.1,1,1,4,1,1,2,2
C0214,Male,Hispanic,55+,Middle,High School,None,Single,17,95,98,3.84,1,2,2,1,2,1,2
C0215,Female,Hispanic,36-45,Low,Bachelors,None,Married,11,59,84,3.08,1,1,2,3,1,2,2
C0216,Male,White,26-35,Low,Masters,None,Married,3,68,98,3.61,1,2,4,4,1,3,2
C0217,Male,White,46-55,Low,High School,None,Single,9,78,50,3.21,1,2,4,2,1,1,2
C0218,Female,Hispanic,26-35,Low,Bachelors,None,Single,16,51,76,2.68,1,1,2,4,1,2,2
C0219,Female,Hispanic,46-55,Middle,Masters,None,Single,3,85,40,3.89,0,1,2,2,2,3,2
C0220,Female,White,18-25,Middle,Bachelors,None,Single,11,68,48,3.18,1,1,4,1,2,2,2
C0221,Female,Other,36-45,Middle,Bachelors,None,Married,12,56,56,3.6,0,1,0,3,2,2,2
C0222,Female,White,36-45,Low,Bachelors,None,Married,3,75,93,3.05,1,1,4,3,1,2,2
C0223,Male,Black,18-25,Low,Masters,None,Single,9,64,40,2.53,0,2,1,1,1,3,2
C0224,Male,Asian,26-35,Low,Masters,None,Single,2,96,42,2.65,1,2,3,4,1,3,2
C0225,Male,White,18-25,Low,Bachelors,None,Single,14,87,86,3.24,1,2,4,1,1,2,2
C0226,Male,Black,26-35,High,Masters,None,Married,1,52,65,3.53,1,2,1,4,3,3,2
C0227,Non-binary,White,26-35,Low,Bachelors,None,Single,16,87,92,3.0,1,0,4,4,1,2,2
C0228,Male,White,36-45,Middle,Bachelors,Physical,Divorced,5,65,70,3.54,1,2,4,3,2,2,1
C0229,Female,Other,26-35,Low,Bachelors,None,Married,7,51,65,3.55,1,1,0,4,1,2,2
C0230,Female,White,26-35,Low,High School,None,Single,2,80,62,3.56,1,1,4,4,1,1,2
C0231,Female,Asian,46-55,Middle,Masters,None,Married,17,77,69,3.24,1,1,3,2,2,3,2
C0232,Female,White,18-25,Middle,Bachelors,None,Divorced,0,56,49,3.87,0,1,4,1,2,2,2
C0233,Female,White,46-55,Low,Bachelors,None,Married,15,79,47,3.23,1,1,4,2,1,2,2
C0234,Female,White,46-55,Low,PhD,None,Single,6,92,83,3.18,0,1,4,2,1,4,2
C0235,Male,Hispanic,36-45,Middle,High School,None,Single,2,56,64,2.8,0,2,2,3,2,1,2
C0236,Female,White,36-45,Low,Bachelors,None,Married,3,85,61,2.96,1,1,4,3,1,2,2
C0237,Male,Asian,46-55,Low,High School,None,Married,8,78,54,2.56,1,2,3,2,1,1,2
C0238,Male,Black,26-35,High,Masters,None,Married,4,73,98,3.45,1,2,1,4,3,3,2
C0239,Female,Other,18-25,Middle,Masters,None,Divorced,18,88,80,2.87,1,1,0,1,2,3,2
C0240,Male,White,26-35,Middle,Bachelors,None,Divorced,14,53,95,2.96,1,2,4,4,2,2,2
C0241,Non-binary,Asian,46-55,Middle,Masters,Mental,Divorced,7,78,96,3.66,0,0,3,2,2,3,0
C0242,Non-binary,Hispanic,18-25,Middle,Bachelors,None,Single,5,93,49,2.99,1,0,2,1,2,2,2
C0243,Female,Hispanic,36-45,Middle,Masters,None,Married,17,54,59,2.86,1,1,2,3,2,3,2
C0244,Male,Asian,55+,Middle,Bachelors,Physical,Married,18,78,80,2.75,1,2,3,1,2,2,1
C0245,Male,Hispanic,46-55,Middle,Bachelors,None,Married,14,79,86,3.66,1,2,2,2,2,2,2
C0246,Female,Black,36-45,Low,PhD,None,Married,6,78,62,2.69,1,1,1,3,1,4,2
C0247,Male,White,18-25,Middle,Bachelors,None,Single,9,75,92,3.18,1,2,4,1,2,2,2
C0248,Non-binary,White,46-55,Middle,High School,Physical,Married,5,68,92,3.26,0,0,4,2,2,1,1
C0249,Non-binary,Asian,36-45,High,Bachelors,None,Married,13,75,40,3.53,1,0,3,3,3,2,2
C0250,Female,Black,18-25,Middle,PhD,None,Single,16,86,41,3.45,0,1,1,1,2,4,2
C0251,Male,Hispanic,18-25,Middle,Bachelors,None,Married,8,76,97,3.72,1,2,2,1,2,2,2
C0252,Male,Black,46-55,Low,High School,Mental,Single,18,79,58,2.57,1,2,1,2,1,1,0
C0253,Female,White,36-45,Middle,Bachelors,None,Single,4,79,53,2.94,1,1,4,3,2,2,2
C0254,Male,White,46-55,Low,Bachelors,None,Single,6,52,47,2.92,1,2,4,2,1,2,2
C0255,Male,Hispanic,46-55,Middle,High School,Physical,Married,18,92,77,2.72,1,2,2,2,2,1,1
C0256,Female,Black,36-45,Low,Masters,None,Married,19,56,51,2.93,1,1,1,3,1,3,2
C0257,Female,White,36-45,Middle,PhD,None,Married,6,98,65,2.96,1,1,4,3,2,4,2
C0258,Female,Black,26-35,Low,Bachelors,None,Married,1,58,66,3.28,0,1,1,4,1,2,2
C0259,Female,White,26-35,Middle,Bachelors,None,Married,15,90,68,3.5,0,1,4,4,2,2,2
C0260,Male,Black,26-35,High,Bachelors,Physical,Single,12,91,54,3.07,1,2,1,4,3,2,1
C0261,Female,White,46-55,Low,High School,None,Single,7,62,85,3.58,0,1,4,2,1,1,2
C0262,Non-binary,Hispanic,36-45,Middle,Masters,Physical,Divorced,5,64,92,3.0,0,0,2,3,2,3,1
C0263,Male,White,46-55,Middle,Bachelors,None,Single,5,54,40,2.94,1,2,4,2,2,2,2
C0264,Female,Black,26-35,Low,Bachelors,None,Divorced,8,78,99,3.31,0,1,1,4,1,2,2
C0265,Female,White,36-45,High,Masters,Mental,Married,3,84,82,2.54,1,1,4,3,3,3,0
C0266,Female,White,36-45,Low,Bachelors,None,Married,10,76,67,2.62,1,1,4,3,1,2,2
C0267,Female,White,36-45,Middle,Bachelors,None,Divorced,4,76,96,3.13,1,1,4,3,2,2,2
C0268,Female,Black,36-45,Middle,High School,None,Single,16,57,42,3.91,1,1,1,3,2,1,2
C0269,Male,Black,26-35,Middle,Masters,Physical,Single,19,81,90,3.58,0,2,1,4,2,3,1
C0270,Male,White,36-45,Middle,PhD,None,Married,6,69,57,2.63,1,2,4,3,2,4,2
C0271,Female,Hispanic,18-25,Low,Bachelors,None,Single,14,59,91,3.77,1,1,2,1,1,2,2
C0272,Female,Asian,26-35,Low,PhD,None,Divorced,14,62,99,3.6,1,1,3,4,1,4,2
C0273,Female,Hispanic,36-45,Middle,High School,None,Single,13,78,73,3.42,1,1,2,3,2,1,2
C0274,Female,White,36-45,Middle,Bachelors,None,Married,12,84,71,3.73,1,1,4,3,2,2,2
C0275,Female,Black,55+,High,Bachelors,None,Married,10,57,68,3.11,0,1,1,1,3,2,2
C0276,Female,White,36-45,High,Bachelors,None,Married,12,78,64,2.83,1,1,4,3,3,2,2
C0277,Female,White,46-55,High,Bachelors,None,Single,8,80,99,3.27,1,1,4,2,3,2,2
C0278,Female,Other,36-45,Middle,Bachelors,None,Single,9,90,65,3.32,1,1,0,3,2,2,2
C0279,Female,White,36-45,Middle,High School,Mental,Married,3,79,78,3.31,1,1,4,3,2,1,0
C0280,Female,Black,18-25,High,Bachelors,None,Single,16,71,47,3.35,0,1,1,1,3,2,2
C0281,Female,Black,26-35,Middle,High School,Mental,Married,13,70,58,3.92,0,1,1,4,2,1,0
C0282,Male,Hispanic,26-35,Low,Masters,None,Married,17,61,93,3.85,0,2,2,4,1,3,2
C0283,Male,Black,26-35,High,High School,None,Married,10,60,86,3.81,0,2,1,4,3,1,2
C0284,Male,White,18-25,High,High School,Physical,Married,15,51,81,3.7,1,2,4,1,3,1,1
C0285,Female,White,18-25,Middle,Bachelors,None,Single,0,99,61,3.92,1,1,4,1,2,2,2
C0286,Male,Black,26-35,Low,Bachelors,None,Married,6,90,68,2.65,0,2,1,4,1,2,2
C0287,Male,White,55+,Middle,Masters,Mental,Divorced,9,51,72,2.9,0,2,4,1,2,3,0
C0288,Female,White,26-35,High,Bachelors,None,Married,8,83,77,3.24,1,1,4,4,3,2,2
C0289,Male,White,36-45,High,Bachelors,None,Divorced,2,52,84,3.77,1,2,4,3,3,2,2
C0290,Female,White,26-35,Low,Masters,None,Married,13,65,85,3.26,0,1,4,4,1,3,2
C0291,Male,White,36-45,Low,Bachelors,None,Single,14,53,74,3.62,1,2,4,3,1,2,2
C0292,Male,White,26-35,High,High School,None,Single,1,72,82,2.71,1,2,4,4,3,1,2
C0293,Female,Black,26-35,Middle,Bachelors,None,Divorced,13,99,42,2.88,0,1,1,4,2,2,2
C0294,Male,Hispanic,36-45,Middle,PhD,None,Single,15,69,58,3.6,1,2,2,3,2,4,2
C0295,Male,Hispanic,18-25,High,Bachelors,None,Divorced,6,74,49,2.75,0,2,2,1,3,2,2
C0296,Female,White,18-25,Low,Bachelors,None,Divorced,3,79,66,3.03,1,1,4,1,1,2,2
C0297,Female,White,26-35,Middle,High School,None,Single,17,67,54,2.9,0,1,4,4,2,1,2
C0298,Male,White,18-25,Low,High School,None,Single,4,91,50,3.02,1,2,4,1,1,1,2
C0299,Female,Black,18-25,Middle,Bachelors,None,Married,5,60,86,3.56,0,1,1,1,2,2,2
C0300,Male,Hispanic,26-35,High,Bachelors,None,Single,6,78,65,3.05,1,2,2,4,3,2,2
C0301,Male,White,46-55,Middle,High School,None,Married,14,66,98,3.33,1,2,4,2,2,1,2
C0302,Female,Asian,36-45,High,PhD,None,Married,0,75,63,2.65,1,1,3,3,3,4,2
C0303,Female,White,36-45,Middle,Masters,None,Married,3,72,52,3.71,1,1,4,3,2,3,2
C0304,Female,Black,26-35,Middle,Bachelors,Physical,Married,0,97,71,3.05,1,1,1,4,2,2,1
C0305,Female,Hispanic,55+,Low,Masters,None,Single,10,69,76,3.47,0,1,2,1,1,3,2
C0306,Non-binary,Asian,26-35,Middle,High School,None,Married,17,94,43,3.59,1,0,3,4,2,1,2
C0307,Female,Hispanic,18-25,Middle,Bachelors,None,Single,13,51,52,2.81,0,1,2,1,2,2,2
C0308,Male,Hispanic,36-45,Low,Bachelors,None,Single,10,73,48,3.83,1,2,2,3,1,2,2
C0309,Female,White,18-25,Middle,Masters,Physical,Married,9,80,96,3.42,0,1,4,1,2,3,1
C0310,Male,Hispanic,26-35,Middle,Masters,Physical,Married,16,76,88,3.14,1,2,2,4,2,3,1
C0311,Male,White,36-45,Middle,Bachelors,None,Single,3,51,73,2.77,1,2,4,3,2,2,2
C0312,Male,Asian,46-55,Middle,PhD,None,Married,14,63,95,3.91,1,2,3,2,2,4,2
C0313,Male,Black,36-45,Middle,High School,Mental,Married,15,53,76,3.63,1,2,1,3,2,1,0
C0314,Non-binary,Hispanic,36-45,Low,Masters,Mental,Single,12,98,87,2.81,1,0,2,3,1,3,0
C0315,Female,Black,55+,Low,PhD,None,Single,8,62,46,3.01,0,1,1,1,1,4,2
C0316,Female,Hispanic,18-25,Middle,High School,None,Divorced,10,85,40,3.71,0,1,2,1,2,1,2
C0317,Male,Black,26-35,Middle,Masters,None,Married,10,84,99,3.54,1,2,1,4,2,3,2
C0318,Male,Hispanic,26-35,Low,High School,Mental,Married,5,93,97,3.65,0,2,2,4,1,1,0
C0319,Male,White,26-35,High,Bachelors,None,Married,0,57,51,3.16,1,2,4,4,3,2,2
C0320,Male,White,26-35,High,Bachelors,None,Single,5,51,60,3.57,1,2,4,4,3,2,2
C0321,Female,White,46-55,Middle,Bachelors,None,Married,12,55,50,3.08,1,1,4,2,2,2,2
C0322,Female,White,36-45,Low,PhD,None,Married,4,80,83,2.82,1,1,4,3,1,4,2
C0323,Female,Asian,36-45,High,Masters,None,Married,14,59,90,3.45,1,1,3,3,3,3,2
C0324,Male,White,26-35,Middle,Bachelors,Mental,Single,17,93,97,3.96,1,2,4,4,2,2,0
C0325,Non-binary,Other,46-55,High,Masters,None,Single,19,70,83,2.97,1,0,0,2,3,3,2
C0326,Female,White,55+,High,PhD,None,Single,13,91,83,3.19,1,1,4,1,3,4,2
C0327,Female,White,46-55,High,High School,None,Divorced,14,59,53,3.51,1,1,4,2,3,1,2
C0328,Female,Hispanic,18-25,Middle,PhD,None,Married,4,72,73,3.31,1,1,2,1,2,4,2
C0329,Male,Hispanic,36-45,Low,High School,None,Married,3,52,73,3.77,1,2,2,3,1,1,2
C0330,Male,Black,18-25,Middle,Masters,None,Single,1,81,64,3.64,0,2,1,1,2,3,2
C0331,Male,Black,26-35,Middle,Bachelors,None,Single,6,69,43,2.59,0,2,1,4,2,2,2
C0332,Female,Hispanic,18-25,Middle,High School,None,Married,9,59,91,4.0,1,1,2,1,2,1,2
C0333,Male,White,36-45,Low,Bachelors,None,Married,15,78,94,3.63,1,2,4,3,1,2,2
C0334,Male,Other,36-45,Low,Bachelors,None,Married,9,90,65,3.8,0,2,0,3,1,2,2
C0335,Male,Other,18-25,High,Bachelors,Mental,Single,17,95,55,3.48,1,2,0,1,3,2,0
C0336,Male,Hispanic,26-35,Middle,High School,Mental,Married,16,83,49,3.78,1,2,2,4,2,1,0
C0337,Female,White,26-35,High,Bachelors,None,Single,12,86,84,2.67,1,1,4,4,3,2,2
C0338,Female,Hispanic,26-35,High,PhD,None,Single,0,69,41,3.02,0,1,2,4,3,4,2
C0339,Male,White,18-25,Middle,Bachelors,Physical,Married,0,57,74,3.81,1,2,4,1,2,2,1
C0340,Male,White,26-35,Middle,High School,None,Single,14,56,58,2.8,1,2,4,4,2,1,2
C0341,Female,White,46-55,High,Bachelors,None,Single,0,55,45,2.62,1,1,4,2,3,2,2
C0342,Male,Black,18-25,Middle,High School,Mental,Married,5,60,58,3.68,1,2,1,1,2,1,0
C0343,Male,Asian,18-25,Middle,Masters,None,Married,12,93,98,3.75,1,2,3,1,2,3,2
C0344,Male,Hispanic,26-35,Low,Masters,None,Married,0,67,92,2.74,1,2,2,4,1,3,2
C0345,Male,Hispanic,55+,Middle,Bachelors,Mental,Married,4,91,91,3.78,1,2,2,1,2,2,0
C0346,Female,Black,36-45,Middle,Bachelors,None,Single,8,78,90,3.53,1,1,1,3,2,2,2
C0347,Female,White,36-45,Low,Masters,None,Single,16,74,47,3.28,0,1,4,3,1,3,2
C0348,Male,White,26-35,Low,Bachelors,None,Divorced,15,70,53,3.75,1,2,4,4,1,2,2
C0349,Male,Other,36-45,Middle,Masters,None,Married,7,95,49,3.13,0,2,0,3,2,3,2
C0350,Female,White,18-25,Low,Bachelors,None,Married,16,52,42,2.79,0,1,4,1,1,2,2
C0351,Female,Asian,36-45,Low,Masters,None,Single,14,67,77,2.93,1,1,3,3,1,3,2
C0352,Female,Black,55+,Middle,Bachelors,Mental,Married,0,73,68,3.26,0,1,1,1,2,2,0
C0353,Female,Black,36-45,High,Bachelors,None,Single,11,96,54,3.3,0,1,1,3,3,2,2
C0354,Male,Hispanic,46-55,Middle,PhD,None,Married,4,87,62,3.71,1,2,2,2,2,4,2
C0355,Male,Black,36-45,Low,Bachelors,None,Divorced,5,59,62,3.69,0,2,1,3,1,2,2
C0356,Female,Asian,18-25,Low,Bachelors,None,Divorced,0,76,57,3.37,0,1,3,1,1,2,2
C0357,Male,Asian,46-55,Middle,High School,None,Married,0,61,85,3.67,1,2,3,2,2,1,2
C0358,Female,Black,18-25,Middle,Bachelors,Mental,Married,9,56,58,2.79,0,1,1,1,2,2,0
C0359,Non-binary,White,36-45,High,Bachelors,Physical,Divorced,9,66,67,2.58,1,0,4,3,3,2,1
C0360,Female,Black,18-25,Middle,High School,None,Married,2,50,65,3.81,0,1,1,1,2,1,2
C0361,Male,Asian,18-25,High,High School,None,Single,16,99,49,2.61,0,2,3,1,3,1,2
C0362,Female,White,26-35,Low,Bachelors,None,Married,18,75,86,2.87,1,1,4,4,1,2,2
C0363,Male,Black,26-35,Middle,Masters,None,Single,10,64,43,3.54,1,2,1,4,2,3,2
C0364,Female,Black,36-45,Low,Bachelors,None,Married,17,82,94,3.11,1,1,1,3,1,2,2
C0365,Non-binary,Hispanic,36-45,High,High School,None,Married,1,86,41,3.81,0,0,2,3,3,1,2
C0366,Male,White,18-25,Middle,Masters,Mental,Married,8,96,42,2.95,0,2,4,1,2,3,0
C0367,Non-binary,Hispanic,18-25,Middle,High School,None,Single,16,80,46,2.52,0,0,2,1,2,1,2
C0368,Female,Asian,36-45,Low,Bachelors,None,Single,13,84,94,2.95,1,1,3,3,1,2,2
C0369,Male,White,26-35,Low,High School,None,Married,3,50,55,3.37,1,2,4,4,1,1,2
C0370,Male,White,36-45,Middle,High School,None,Married,16,57,70,3.06,1,2,4,3,2,1,2
C0371,Male,Other,36-45,Low,High School,None,Married,16,61,49,3.3,0,2,0,3,1,1,2
C0372,Male,White,46-55,Middle,Bachelors,None,Single,11,68,58,3.81,1,2,4,2,2,2,2
C0373,Male,Asian,36-45,Low,High School,None,Divorced,19,74,67,3.87,1,2,3,3,1,1,2
C0374,Female,Black,26-35,Middle,Bachelors,None,Divorced,17,81,56,2.9,0,1,1,4,2,2,2
C0375,Male,White,36-45,High,Bachelors,None,Single,2,61,67,3.19,1,2,4,3,3,2,2
C0376,Male,Asian,26-35,High,Bachelors,None,Single,10,62,58,3.32,1,2,3,4,3,2,2
C0377,Female,Black,26-35,High,Bachelors,None,Married,17,77,76,3.92,0,1,1,4,3,2,2
C0378,Male,Black,46-55,Low,Masters,None,Married,3,50,62,4.0,0,2,1,2,1,3,2
C0379,Female,White,26-35,Low,High School,None,Divorced,16,55,59,2.85,1,1,4,4,1,1,2
C0380,Male,Black,46-55,Middle,Bachelors,None,Divorced,17,57,52,3.59,1,2,1,2,2,2,2
C0381,Male,White,46-55,Middle,High School,None,Married,4,53,52,3.07,1,2,4,2,2,1,2
C0382,Female,White,46-55,Middle,High School,None,Married,13,54,82,2.51,0,1,4,2,2,1,2
C0383,Female,Other,55+,Low,Bachelors,None,Single,9,74,50,2.51,0,1,0,1,1,2,2
C0384,Female,White,26-35,Low,Bachelors,None,Single,14,71,87,3.19,1,1,4,4,1,2,2
C0385,Female,Hispanic,26-35,Low,Masters,None,Married,0,77,54,3.23,0,1,2,4,1,3,2
C0386,Female,White,36-45,High,Bachelors,None,Married,15,88,56,2.53,1,1,4,3,3,2,2
C0387,Male,Hispanic,26-35,Low,PhD,None,Married,10,72,93,3.53,1,2,2,4,1,4,2
C0388,Male,White,36-45,Middle,High School,Mental,Married,19,53,89,2.94,1,2,4,3,2,1,0
C0389,Female,Other,36-45,Low,High School,None,Single,5,53,67,3.34,1,1,0,3,1,1,2
C0390,Female,Black,36-45,Middle,High School,Physical,Married,15,96,58,2.95,1,1,1,3,2,1,1
C0391,Non-binary,White,26-35,Middle,High School,None,Single,1,70,43,2.75,0,0,4,4,2,1,2
C0392,Male,White,18-25,High,Bachelors,None,Married,0,86,61,3.11,1,2,4,1,3,2,2
C0393,Male,White,26-35,High,Bachelors,Physical,Married,8,90,61,2.85,1,2,4,4,3,2,1
C0394,Female,Black,18-25,Middle,High School,None,Married,11,51,94,3.3,0,1,1,1,2,1,2
C0395,Male,White,46-55,High,PhD,None,Divorced,16,56,76,2.8,1,2,4,2,3,4,2
C0396,Female,Asian,26-35,High,Masters,None,Single,14,98,78,3.26,1,1,3,4,3,3,2
C0397,Female,Black,18-25,High,Bachelors,None,Married,18,65,73,2.74,0,1,1,1,3,2,2
C0398,Male,White,18-25,High,High School,None,Single,9,66,72,3.51,1,2,4,1,3,1,2
C0399,Female,Black,36-45,Low,High School,None,Married,11,69,83,3.63,1,1,1,3,1,1,2
C0400,Female,Hispanic,36-45,Middle,High School,Physical,Divorced,13,72,81,2.67,1,1,2,3,2,1,1
C0401,Male,White,26-35,Low,High School,None,Married,8,83,79,3.2,0,2,4,4,1,1,2
C0402,Female,White,18-25,Low,Bachelors,Mental,Divorced,12,60,72,2.61,0,1,4,1,1,2,0
C0403,Female,White,26-35,High,High School,Mental,Single,2,83,51,3.4,0,1,4,4,3,1,0
C0404,Female,Hispanic,26-35,Middle,Bachelors,None,Divorced,13,82,41,2.9,1,1,2,4,2,2,2
C0405,Male,Hispanic,36-45,Middle,PhD,None,Single,9,75,98,3.29,1,2,2,3,2,4,2
C0406,Female,Black,36-45,High,Masters,Physical,Divorced,15,51,67,3.28,0,1,1,3,3,3,1
C0407,Male,Asian,26-35,High,PhD,Mental,Single,6,72,49,3.89,1,2,3,4,3,4,0
C0408,Male,Hispanic,26-35,High,High School,None,Single,3,90,61,3.32,1,2,2,4,3,1,2
C0409,Female,Black,55+,Low,Bachelors,None,Married,19,71,56,3.37,0,1,1,1,1,2,2
C0410,Male,Asian,26-35,Low,Bachelors,None,Divorced,10,83,65,3.1,1,2,3,4,1,2,2
C0411,Male,White,36-45,Middle,High School,None,Single,15,64,42,3.92,1,2,4,3,2,1,2
C0412,Non-binary,White,18-25,Low,High School,None,Single,19,59,46,3.67,0,0,4,1,1,1,2
C0413,Non-binary,White,36-45,Low,Masters,None,Divorced,3,64,83,2.93,1,0,4,3,1,3,2
C0414,Female,White,18-25,Middle,Bachelors,None,Single,16,91,47,3.77,1,1,4,1,2,2,2
C0415,Female,Black,36-45,High,Bachelors,None,Single,12,78,59,3.15,1,1,1,3,3,2,2
C0416,Male,Asian,55+,Middle,Bachelors,None,Married,10,72,51,3.74,0,2,3,1,2,2,2
C0417,Male,White,26-35,Middle,Bachelors,None,Single,2,66,74,3.73,1,2,4,4,2,2,2
C0418,Male,White,18-25,Middle,High School,None,Divorced,8,58,56,2.78,1,2,4,1,2,1,2
C0419,Female,Black,18-25,Low,Bachelors,None,Married,5,99,67,3.55,0,1,1,1,1,2,2
C0420,Female,Asian,26-35,Low,High School,None,Married,10,85,80,2.94,1,1,3,4,1,1,2
C0421,Female,White,18-25,High,High School,None,Divorced,15,58,49,2.95,0,1,4,1,3,1,2
C0422,Female,Black,18-25,Middle,PhD,None,Married,18,65,61,2.94,1,1,1,1,2,4,2
C0423,Male,White,46-55,High,Bachelors,Mental,Single,4,85,77,3.59,1,2,4,2,3,2,0
C0424,Female,White,26-35,Low,Masters,None,Single,13,97,96,2.84,1,1,4,4,1,3,2
C0425,Male,Other,26-35,High,Bachelors,None,Married,16,82,72,2.5,1,2,0,4,3,2,2
C0426,Female,Other,46-55,Middle,Bachelors,None,Single,2,80,61,3.57,1,1,0,2,2,2,2
C0427,Male,White,18-25,Middle,High School,Mental,Divorced,3,55,83,2.76,0,2,4,1,2,1,0
C0428,Female,Other,55+,Middle,High School,None,Married,15,59,76,2.66,0,1,0,1,2,1,2
C0429,Male,Black,26-35,High,High School,None,Single,15,65,52,2.86,0,2,1,4,3,1,2
C0430,Male,Asian,46-55,Middle,Masters,None,Married,3,53,66,3.07,0,2,3,2,2,3,2
C0431,Male,Black,36-45,Middle,Masters,None,Married,18,71,54,3.21,1,2,1,3,2,3,2
C0432,Female,Black,46-55,High,Bachelors,None,Divorced,16,62,61,2.57,0,1,1,2,3,2,2
C0433,Female,Black,55+,High,Bachelors,None,Divorced,12,65,69,3.96,1,1,1,1,3,2,2
C0434,Male,Hispanic,26-35,Middle,PhD,None,Married,0,78,82,3.57,1,2,2,4,2,4,2
C0435,Male,White,55+,Middle,High School,None,Married,11,55,79,2.98,1,2,4,1,2,1,2
C0436,Female,White,26-35,Middle,Bachelors,None,Married,3,75,76,2.98,0,1,4,4,2,2,2
C0437,Male,White,26-35,Low,Bachelors,None,Married,10,60,73,3.17,1,2,4,4,1,2,2
C0438,Female,Hispanic,26-35,Middle,Masters,Physical,Single,4,73,83,3.44,0,1,2,4,2,3,1
C0439,Female,White,36-45,High,PhD,None,Single,1,78,99,2.72,1,1,4,3,3,4,2
C0440,Male,Hispanic,18-25,High,High School,Physical,Married,16,52,73,2.78,0,2,2,1,3,1,1
C0441,Male,Other,36-45,Middle,Masters,None,Single,7,59,97,3.79,1,2,0,3,2,3,2
C0442,Non-binary,White,36-45,Middle,Masters,None,Single,5,50,87,2.88,1,0,4,3,2,3,2
C0443,Male,Hispanic,46-55,Low,High School,None,Married,8,92,92,3.07,1,2,2,2,1,1,2
C0444,Male,Black,46-55,High,Bachelors,Mental,Single,12,75,74,3.81,1,2,1,2,3,2,0
C0445,Female,Asian,26-35,High,Bachelors,None,Married,10,61,81,3.49,1,1,3,4,3,2,2
C0446,Non-binary,White,26-35,Middle,PhD,None,Married,15,63,58,3.01,1,0,4,4,2,4,2
C0447,Non-binary,Hispanic,26-35,High,High School,None,Divorced,15,74,47,3.53,1,0,2,4,3,1,2
C0448,Female,Asian,26-35,Middle,Masters,None,Married,1,57,78,2.53,1,1,3,4,2,3,2
C0449,Male,Asian,18-25,Middle,Bachelors,None,Single,9,92,72,3.6,0,2,3,1,2,2,2
C0450,Male,Hispanic,26-35,Low,Masters,None,Married,11,53,83,3.23,0,2,2,4,1,3,2
C0451,Female,Black,26-35,Middle,Bachelors,None,Married,7,77,67,3.72,1,1,1,4,2,2,2
C0452,Female,Black,55+,Middle,Bachelors,None,Divorced,10,56,76,3.93,0,1,1,1,2,2,2
C0453,Male,Asian,36-45,Middle,Masters,None,Married,9,59,87,3.89,1,2,3,3,2,3,2
C0454,Female,Black,26-35,Middle,Masters,None,Single,12,85,64,3.86,1,1,1,4,2,3,2
C0455,Male,White,36-45,High,Masters,None,Divorced,16,51,75,3.27,1,2,4,3,3,3,2
C0456,Female,Asian,18-25,Low,High School,None,Single,6,75,56,3.04,1,1,3,1,1,1,2
C0457,Male,Hispanic,26-35,Middle,Masters,None,Married,2,99,63,3.2,1,2,2,4,2,3,2
C0458,Male,Hispanic,36-45,Middle,High School,None,Married,19,63,60,3.53,1,2,2,3,2,1,2
C0459,Male,White,36-45,Middle,Bachelors,Mental,Single,12,65,41,3.83,0,2,4,3,2,2,0
C0460,Male,Hispanic,26-35,Middle,Bachelors,Mental,Single,18,92,70,2.81,1,2,2,4,2,2,0
C0461,Male,White,55+,Low,Bachelors,None,Single,6,91,83,3.88,1,2,4,1,1,2,2
C0462,Female,Hispanic,46-55,Low,Bachelors,None,Married,8,66,72,3.72,0,1,2,2,1,2,2
C0463,Female,White,36-45,Middle,PhD,None,Divorced,18,95,69,3.97,1,1,4,3,2,4,2
C0464,Female,Hispanic,36-45,Middle,High School,None,Single,12,71,51,3.82,1,1,2,3,2,1,2
C0465,Non-binary,Other,36-45,Low,Masters,None,Married,7,53,83,2.92,1,0,0,3,1,3,2
C0466,Male,White,26-35,Middle,Bachelors,None,Single,17,68,51,2.66,1,2,4,4,2,2,2
C0467,Male,Other,26-35,Middle,High School,None,Married,1,51,90,2.67,1,2,0,4,2,1,2
C0468,Female,White,18-25,Middle,High School,Physical,Single,17,88,96,2.94,1,1,4,1,2,1,1
C0469,Male,Asian,26-35,High,PhD,Physical,Divorced,17,58,88,3.42,1,2,3,4,3,4,1
C0470,Non-binary,Hispanic,36-45,Low,Masters,None,Married,10,68,91,3.71,1,0,2,3,1,3,2
C0471,Male,Black,26-35,Low,PhD,None,Married,0,65,63,3.85,1,2,1,4,1,4,2
C0472,Non-binary,Hispanic,55+,High,PhD,None,Married,13,74,63,3.44,0,0,2,1,3,4,2
C0473,Male,Asian,46-55,Middle,High School,None,Married,15,97,97,2.51,1,2,3,2,2,1,2
C0474,Female,White,36-45,Middle,Bachelors,None,Divorced,10,67,99,2.78,0,1,4,3,2,2,2
C0475,Female,White,36-45,High,Masters,None,Married,0,72,50,2.65,1,1,4,3,3,3,2
C0476,Non-binary,Hispanic,46-55,High,Bachelors,None,Divorced,6,70,52,3.04,1,0,2,2,3,2,2
C0477,Male,Hispanic,18-25,High,Bachelors,None,Married,15,60,66,3.25,1,2,2,1,3,2,2
C0478,Female,Hispanic,46-55,Middle,Bachelors,None,Single,13,88,47,2.57,1,1,2,2,2,2,2
C0479,Non-binary,Hispanic,18-25,Middle,Bachelors,None,Married,14,90,49,3.02,1,0,2,1,2,2,2
C0480,Female,Black,46-55,Middle,Bachelors,None,Single,13,53,47,2.77,1,1,1,2,2,2,2
C0481,Female,Hispanic,26-35,Low,High School,None,Married,10,74,59,3.47,0,1,2,4,1,1,2
C0482,Female,White,46-55,Middle,Bachelors,None,Married,15,81,47,3.2,1,1,4,2,2,2,2
C0483,Male,Black,55+,Low,Bachelors,None,Married,18,79,48,3.24,1,2,1,1,1,2,2
C0484,Female,White,18-25,High,Bachelors,None,Single,16,94,46,3.14,1,1,4,1,3,2,2
C0485,Female,White,26-35,Middle,High School,None,Single,5,75,53,3.93,1,1,4,4,2,1,2
C0486,Female,White,55+,Middle,Masters,Mental,Married,10,85,67,2.82,1,1,4,1,2,3,0
C0487,Male,White,36-45,Middle,High School,None,Divorced,16,83,41,3.27,1,2,4,3,2,1,2
C0488,Male,Hispanic,46-55,Low,Bachelors,None,Single,8,58,96,3.6,1,2,2,2,1,2,2
C0489,Non-binary,White,36-45,Low,Masters,None,Married,17,61,82,3.34,1,0,4,3,1,3,2
C0490,Female,Black,26-35,Middle,Bachelors,Physical,Married,16,51,47,3.89,1,1,1,4,2,2,1
C0491,Male,White,26-35,Low,Bachelors,None,Married,11,87,52,3.07,1,2,4,4,1,2,2
C0492,Female,White,26-35,Middle,Masters,None,Single,4,54,60,3.2,1,1,4,4,2,3,2
C0493,Male,White,46-55,High,Bachelors,None,Married,10,54,86,2.63,1,2,4,2,3,2,2
C0494,Male,White,26-35,High,Masters,None,Single,3,71,67,3.41,1,2,4,4,3,3,2
C0495,Male,Black,36-45,Middle,Masters,None,Divorced,3,54,74,2.93,0,2,1,3,2,3,2
C0496,Male,Hispanic,36-45,Low,Bachelors,None,Single,2,53,62,2.74,1,2,2,3,1,2,2
C0497,Female,Black,36-45,High,Bachelors,None,Single,16,58,85,3.32,1,1,1,3,3,2,2
C0498,Male,Black,46-55,High,High School,Physical,Single,6,78,54,3.3,0,2,1,2,3,1,1
C0499,Non-binary,White,55+,Low,Bachelors,None,Single,3,71,41,2.61,0,0,4,1,1,2,2
C0500,Non-binary,Asian,26-35,Middle,Bachelors,None,Married,12,76,90,3.55,1,0,3,4,2,2,2
C0501,Female,Black,46-55,Low,Bachelors,None,Single,11,59,51,3.44,0,1,1,2,1,2,2
C0502,Female,Black,46-55,High,Bachelors,None,Single,0,65,96,2.78,0,1,1,2,3,2,2
C0503,Male,White,36-45,High,Bachelors,None,Married,18,91,91,3.2,1,2,4,3,3,2,2
C0504,Female,White,55+,Low,High School,None,Single,19,91,75,3.58,1,1,4,1,1,1,2
C0505,Female,White,26-35,High,Bachelors,None,Single,17,59,42,3.29,1,1,4,4,3,2,2
C0506,Male,White,18-25,Middle,Bachelors,None,Married,10,55,44,3.09,1,2,4,1,2,2,2
C0507,Female,Black,46-55,High,Masters,None,Married,19,98,42,2.98,1,1,1,2,3,3,2
C0508,Female,Black,26-35,Middle,High School,None,Divorced,2,54,96,3.42,0,1,1,4,2,1,2
C0509,Non-binary,Black,46-55,High,Bachelors,None,Divorced,16,55,86,3.91,0,0,1,2,3,2,2
C0510,Female,Hispanic,46-55,Low,PhD,None,Married,11,96,58,3.51,1,1,2,2,1,4,2
C0511,Female,Hispanic,18-25,Middle,High School,None,Single,9,74,41,2.61,1,1,2,1,2,1,2
C0512,Male,Hispanic,46-55,Low,Bachelors,Mental,Married,7,99,83,3.19,0,2,2,2,1,2,0
C0513,Female,Other,26-35,High,High School,Physical,Married,14,53,76,3.84,0,1,0,4,3,1,1
C0514,Female,White,36-45,High,Bachelors,None,Married,4,89,93,2.64,1,1,4,3,3,2,2
C0515,Male,White,36-45,High,Bachelors,None,Married,3,97,56,3.98,1,2,4,3,3,2,2
C0516,Male,White,55+,High,Bachelors,None,Single,19,81,53,3.92,1,2,4,1,3,2,2
C0517,Male,Hispanic,18-25,Low,Bachelors,None,Married,18,84,67,2.62,1,2,2,1,1,2,2
C0518,Female,Asian,26-35,Middle,Masters,None,Married,3,59,66,3.9,0,1,3,4,2,3,2
C0519,Non-binary,White,36-45,Low,High School,None,Divorced,14,83,93,3.04,0,0,4,3,1,1,2
C0520,Male,Asian,36-45,Low,High School,None,Single,16,85,49,3.77,1,2,3,3,1,1,2
C0521,Female,White,36-45,Low,Masters,Physical,Single,11,55,42,3.13,0,1,4,3,1,3,1
C0522,Male,Asian,18-25,Middle,Bachelors,None,Single,2,92,75,3.16,1,2,3,1,2,2,2
C0523,Non-binary,White,26-35,Low,Masters,None,Married,9,95,77,3.45,1,0,4,4,1,3,2
C0524,Female,White,26-35,Low,Bachelors,None,Single,14,65,95,3.66,1,1,4,4,1,2,2
C0525,Female,Black,46-55,Low,Masters,None,Single,9,68,64,2.55,0,1,1,2,1,3,2
C0526,Male,White,26-35,Low,Bachelors,None,Divorced,17,83,61,3.39,1,2,4,4,1,2,2
C0527,Male,White,26-35,High,Masters,None,Single,0,74,87,2.78,1,2,4,4,3,3,2
C0528,Male,White,55+,High,PhD,None,Married,2,80,78,3.02,1,2,4,1,3,4,2
C0529,Male,Hispanic,18-25,High,Bachelors,None,Single,11,98,86,3.02,1,2,2,1,3,2,2
C0530,Female,Black,55+,Middle,High School,None,Married,0,90,69,3.2,0,1,1,1,2,1,2
C0531,Female,White,36-45,Low,Bachelors,None,Married,2,66,60,3.0,0,1,4,3,1,2,2
C0532,Non-binary,Black,46-55,High,High School,None,Divorced,2,96,69,2.66,0,0,1,2,3,1,2
C0533,Non-binary,Hispanic,26-35,Middle,High School,None,Divorced,4,79,67,2.72,0,0,2,4,2,1,2
C0534,Female,White,18-25,Low,Bachelors,None,Single,18,88,70,2.55,0,1,4,1,1,2,2
C0535,Female,White,46-55,Low,Bachelors,None,Single,0,80,96,3.21,1,1,4,2,1,2,2
C0536,Non-binary,White,46-55,Low,Bachelors,None,Single,3,68,91,3.93,1,0,4,2,1,2,2
C0537,Female,White,46-55,Low,Bachelors,None,Married,3,84,65,2.67,1,1,4,2,1,2,2
C0538,Male,Hispanic,18-25,Middle,Bachelors,Physical,Divorced,16,78,82,3.92,1,2,2,1,2,2,1
C0539,Male,White,46-55,Middle,High School,None,Married,13,50,61,3.6,1,2,4,2,2,1,2
C0540,Male,Black,46-55,Low,High School,None,Married,17,53,60,3.46,0,2,1,2,1,1,2
C0541,Non-binary,Hispanic,36-45,Low,High School,None,Single,0,77,40,3.47,0,0,2,3,1,1,2
C0542,Female,White,46-55,High,Bachelors,None,Married,15,67,76,3.74,1,1,4,2,3,2,2
C0543,Male,Black,46-55,Low,High School,Physical,Divorced,2,75,52,2.66,1,2,1,2,1,1,1
C0544,Female,White,36-45,Middle,Bachelors,Physical,Single,8,89,60,3.26,0,1,4,3,2,2,1
C0545,Female,Other,18-25,High,Bachelors,None,Married,3,68,85,3.55,1,1,0,1,3,2,2
C0546,Male,Black,36-45,Low,Masters,None,Single,4,55,48,3.38,0,2,1,3,1,3,2
C0547,Male,Hispanic,18-25,Low,High School,None,Married,10,50,56,3.75,1,2,2,1,1,1,2
C0548,Female,Black,26-35,Middle,Bachelors,None,Married,8,57,86,2.61,0,1,1,4,2,2,2
C0549,Female,White,26-35,Middle,Masters,None,Single,2,82,60,3.54,1,1,4,4,2,3,2
C0550,Female,Black,18-25,Middle,Masters,None,Married,5,92,70,3.3,1,1,1,1,2,3,2
C0551,Female,Other,26-35,High,PhD,None,Single,10,70,78,3.07,1,1,0,4,3,4,2
C0552,Female,Black,18-25,Low,High School,None,Married,8,73,98,3.01,0,1,1,1,1,1,2
C0553,Female,Hispanic,46-55,Middle,High School,Mental,Married,14,74,93,3.43,0,1,2,2,2,1,0
C0554,Female,Asian,55+,Middle,Masters,None,Single,2,96,61,3.84,1,1,3,1,2,3,2
C0555,Female,White,18-25,Low,Bachelors,Physical,Married,0,92,51,3.24,0,1,4,1,1,2,1
C0556,Male,White,55+,Middle,Bachelors,None,Married,19,68,94,3.74,1,2,4,1,2,2,2
C0557,Male,Black,36-45,Low,Masters,None,Single,18,78,45,3.1,1,2,1,3,1,3,2
C0558,Male,White,26-35,Middle,Masters,None,Single,13,59,92,2.65,1,2,4,4,2,3,2
C0559,Female,Asian,18-25,Low,PhD,None,Married,16,61,55,2.59,1,1,3,1,1,4,2
C0560,Female,Asian,36-45,Middle,PhD,None,Divorced,13,82,65,2.58,1,1,3,3,2,4,2
C0561,Female,White,46-55,Middle,Masters,None,Single,16,56,44,3.07,0,1,4,2,2,3,2
C0562,Male,White,36-45,High,Bachelors,Mental,Single,13,66,48,3.01,0,2,4,3,3,2,0
C0563,Male,Hispanic,18-25,Low,Masters,None,Single,11,59,85,3.58,0,2,2,1,1,3,2
C0564,Male,White,18-25,Middle,High School,None,Married,15,80,79,3.61,1,2,4,1,2,1,2
C0565,Male,Asian,26-35,Middle,High School,Mental,Single,0,55,53,2.58,1,2,3,4,2,1,0
C0566,Female,Black,26-35,Middle,Masters,None,Single,12,66,83,2.83,0,1,1,4,2,3,2
C0567,Male,Hispanic,26-35,Middle,Bachelors,None,Married,5,99,81,2.91,1,2,2,4,2,2,2
C0568,Male,White,26-35,Middle,High School,None,Married,16,86,69,3.32,0,2,4,4,2,1,2
C0569,Female,Black,46-55,High,High School,Physical,Single,11,67,91,2.72,0,1,1,2,3,1,1
C0570,Male,Black,55+,High,Masters,Mental,Married,18,75,91,2.7,0,2,1,1,3,3,0
C0571,Female,Black,26-35,Middle,Bachelors,Mental,Married,5,98,65,3.92,0,1,1,4,2,2,0
C0572,Female,White,46-55,Middle,Masters,None,Single,6,65,92,3.71,1,1,4,2,2,3,2
C0573,Male,Hispanic,26-35,High,High School,Physical,Single,0,57,84,2.77,1,2,2,4,3,1,1
C0574,Female,Asian,26-35,High,Masters,None,Divorced,0,73,68,3.11,0,1,3,4,3,3,2
C0575,Female,White,26-35,High,Masters,None,Single,4,62,58,3.03,0,1,4,4,3,3,2
C0576,Non-binary,White,36-45,Middle,Bachelors,None,Married,5,78,86,3.69,1,0,4,3,2,2,2
C0577,Male,White,55+,Low,Bachelors,None,Divorced,15,81,47,3.27,0,2,4,1,1,2,2
C0578,Female,Hispanic,36-45,Middle,High School,Mental,Single,15,73,62,2.69,0,1,2,3,2,1,0
C0579,Female,Black,26-35,Middle,PhD,Physical,Single,13,65,92,3.61,1,1,1,4,2,4,1
C0580,Male,Black,36-45,Middle,Bachelors,None,Married,0,60,81,3.1,1,2,1,3,2,2,2
C0581,Male,White,18-25,Middle,PhD,None,Divorced,12,81,74,2.89,1,2,4,1,2,4,2
C0582,Non-binary,White,46-55,High,Bachelors,None,Divorced,19,55,70,3.06,1,0,4,2,3,2,2
C0583,Female,Black,36-45,Middle,Masters,Physical,Married,9,84,92,3.25,1,1,1,3,2,3,1
C0584,Male,Black,26-35,High,Masters,None,Single,9,82,74,3.01,1,2,1,4,3,3,2
C0585,Female,Other,36-45,Middle,Masters,None,Married,8,67,71,2.86,1,1,0,3,2,3,2
C0586,Male,White,36-45,Middle,PhD,None,Married,12,86,97,3.1,1,2,4,3,2,4,2
C0587,Male,Hispanic,18-25,Middle,Bachelors,None,Married,2,62,44,2.53,1,2,2,1,2,2,2
C0588,Male,White,36-45,High,High School,None,Single,17,59,55,3.66,1,2,4,3,3,1,2
C0589,Male,Black,26-35,Low,Masters,Mental,Single,19,86,56,2.76,0,2,1,4,1,3,0
C0590,Male,Hispanic,36-45,Low,Masters,None,Married,1,75,71,2.57,0,2,2,3,1,3,2
C0591,Male,Hispanic,46-55,High,Bachelors,None,Married,16,95,77,3.48,1,2,2,2,3,2,2
C0592,Female,Other,46-55,Low,High School,None,Single,18,66,97,3.66,1,1,0,2,1,1,2
C0593,Male,White,36-45,Middle,Bachelors,None,Single,12,50,71,3.72,1,2,4,3,2,2,2
C0594,Male,White,36-45,Middle,Bachelors,Mental,Divorced,12,74,91,3.24,0,2,4,3,2,2,0
C0595,Female,Hispanic,18-25,Middle,Bachelors,None,Married,0,83,59,2.81,0,1,2,1,2,2,2
C0596,Male,Black,46-55,Middle,Bachelors,None,Single,1,88,87,3.61,0,2,1,2,2,2,2
C0597,Female,White,26-35,Low,Masters,None,Single,0,59,95,3.55,1,1,4,4,1,3,2
C0598,Male,White,36-45,Middle,High School,None,Single,4,69,41,2.87,1,2,4,3,2,1,2
C0599,Male,White,26-35,Middle,Bachelors,None,Divorced,2,56,59,3.86,1,2,4,4,2,2,2
C0600,Male,Asian,18-25,Middle,Bachelors,None,Married,6,65,86,2.66,1,2,3,1,2,2,2
C0601,Male,White,36-45,Low,High School,None,Married,12,86,57,3.97,1,2,4,3,1,1,2
C0602,Male,White,18-25,Middle,Masters,None,Married,17,78,40,3.79,1,2,4,1,2,3,2
C0603,Male,White,46-55,Low,PhD,None,Single,6,61,97,3.53,0,2,4,2,1,4,2
C0604,Male,White,26-35,Low,Bachelors,None,Married,0,66,68,3.91,0,2,4,4,1,2,2
C0605,Male,White,18-25,Low,Masters,None,Married,4,97,68,3.58,1,2,4,1,1,3,2
C0606,Male,Black,36-45,Low,Masters,None,Single,16,69,58,2.79,1,2,1,3,1,3,2
C0607,Male,White,18-25,High,Masters,Physical,Single,7,75,83,3.16,1,2,4,1,3,3,1
C0608,Male,Hispanic,26-35,Low,High School,Physical,Married,14,97,79,2.61,1,2,2,4,1,1,1
C0609,Female,White,36-45,High,PhD,None,Divorced,19,68,45,3.08,1,1,4,3,3,4,2
C0610,Female,Black,18-25,High,Bachelors,None,Single,3,96,83,3.61,0,1,1,1,3,2,2
C0611,Male,Asian,46-55,Middle,Bachelors,None,Divorced,1,61,78,3.08,0,2,3,2,2,2,2
C0612,Female,Hispanic,18-25,Low,High School,None,Married,4,70,89,3.0,0,1,2,1,1,1,2
C0613,Female,Black,26-35,Middle,Bachelors,Physical,Single,0,91,93,3.39,0,1,1,4,2,2,1
C0614,Male,White,46-55,High,High School,None,Single,4,83,85,3.81,1,2,4,2,3,1,2
C0615,Female,White,26-35,Middle,High School,None,Single,5,56,47,2.57,1,1,4,4,2,1,2
C0616,Female,Hispanic,18-25,Low,Bachelors,Physical,Married,1,94,63,3.08,0,1,2,1,1,2,1
C0617,Male,Other,26-35,Middle,Masters,Physical,Single,0,84,59,2.74,1,2,0,4,2,3,1
C0618,Male,Hispanic,26-35,High,Masters,None,Single,3,64,93,3.54,1,2,2,4,3,3,2
C0619,Female,Black,46-55,High,Bachelors,None,Married,6,50,53,2.66,1,1,1,2,3,2,2
C0620,Female,Hispanic,26-35,Low,Masters,None,Married,0,75,44,3.5,1,1,2,4,1,3,2
C0621,Male,Black,46-55,Middle,Masters,None,Single,0,84,80,2.93,1,2,1,2,2,3,2
C0622,Male,White,46-55,Low,Masters,Physical,Married,7,74,79,2.8,0,2,4,2,1,3,1
C0623,Male,Black,26-35,Low,High School,Physical,Married,19,91,73,3.9,1,2,1,4,1,1,1
C0624,Female,Other,46-55,High,Masters,None,Married,15,64,99,2.53,1,1,0,2,3,3,2
C0625,Female,White,26-35,Low,PhD,None,Married,12,71,55,3.16,1,1,4,4,1,4,2
C0626,Male,Hispanic,55+,Low,Masters,Physical,Single,17,55,84,2.53,1,2,2,1,1,3,1
C0627,Male,White,18-25,Low,Bachelors,None,Married,19,64,46,3.23,1,2,4,1,1,2,2
C0628,Female,Black,36-45,High,Bachelors,None,Married,9,73,55,3.25,0,1,1,3,3,2,2
C0629,Male,White,36-45,High,Bachelors,None,Married,11,70,46,2.98,1,2,4,3,3,2,2
C0630,Male,Black,26-35,Middle,Bachelors,None,Married,0,56,66,2.7,0,2,1,4,2,2,2
C0631,Female,Hispanic,36-45,High,High School,None,Married,9,78,53,3.06,1,1,2,3,3,1,2
C0632,Female,White,36-45,Low,Bachelors,None,Single,8,81,53,3.51,1,1,4,3,1,2,2
C0633,Female,Hispanic,18-25,Middle,Masters,None,Married,2,81,83,3.67,0,1,2,1,2,3,2
C0634,Female,Hispanic,18-25,Middle,Masters,None,Married,18,54,72,3.3,0,1,2,1,2,3,2
C0635,Male,Asian,36-45,Low,High School,None,Married,8,53,72,3.38,0,2,3,3,1,1,2
C0636,Male,White,36-45,Middle,PhD,None,Single,9,71,83,2.8,1,2,4,3,2,4,2
C0637,Female,White,55+,High,Bachelors,None,Divorced,18,67,59,2.93,0,1,4,1,3,2,2
C0638,Male,White,46-55,Low,Masters,Physical,Married,15,84,92,2.74,1,2,4,2,1,3,1
C0639,Male,Other,55+,Low,Masters,None,Single,17,66,86,2.87,0,2,0,1,1,3,2
C0640,Male,Asian,36-45,Low,Masters,None,Married,13,99,75,2.84,1,2,3,3,1,3,2
C0641,Male,Black,26-35,Low,PhD,None,Married,2,99,46,3.28,1,2,1,4,1,4,2
C0642,Male,Asian,18-25,High,Bachelors,None,Married,1,73,71,3.34,0,2,3,1,3,2,2
C0643,Male,Black,46-55,Middle,Masters,None,Married,0,51,87,3.92,1,2,1,2,2,3,2
C0644,Male,Black,36-45,Middle,High School,None,Divorced,17,62,42,2.79,1,2,1,3,2,1,2
C0645,Male,White,18-25,High,Masters,None,Single,8,64,78,3.46,1,2,4,1,3,3,2
C0646,Female,Hispanic,26-35,Low,Masters,None,Married,12,54,68,3.73,1,1,2,4,1,3,2
C0647,Female,White,55+,Middle,Masters,None,Divorced,1,52,63,3.34,0,1,4,1,2,3,2
C0648,Female,Asian,36-45,Middle,Bachelors,None,Divorced,6,86,61,2.88,1,1,3,3,2,2,2
C0649,Female,Hispanic,26-35,Middle,Masters,None,Married,15,86,45,2.89,0,1,2,4,2,3,2
C0650,Female,Hispanic,26-35,High,High School,None,Divorced,18,86,87,2.56,1,1,2,4,3,1,2
C0651,Male,White,26-35,High,High School,None,Single,14,52,63,2.96,1,2,4,4,3,1,2
C0652,Female,White,26-35,Middle,Masters,None,Divorced,10,84,79,3.62,1,1,4,4,2,3,2
C0653,Female,White,26-35,High,Bachelors,None,Single,0,72,62,2.57,1,1,4,4,3,2,2
C0654,Female,White,18-25,Low,Masters,None,Single,6,77,93,2.83,1,1,4,1,1,3,2
C0655,Male,White,46-55,Low,Bachelors,None,Single,19,79,77,3.56,1,2,4,2,1,2,2
C0656,Male,Asian,26-35,Low,High School,None,Married,7,67,49,3.67,1,2,3,4,1,1,2
C0657,Male,Black,46-55,Middle,Masters,None,Single,9,85,55,3.18,0,2,1,2,2,3,2
C0658,Male,White,46-55,Middle,Bachelors,Physical,Single,4,82,50,3.55,1,2,4,2,2,2,1
C0659,Female,White,26-35,Middle,High School,Mental,Single,8,75,71,3.08,1,1,4,4,2,1,0
C0660,Female,Black,36-45,High,Masters,None,Single,0,97,84,2.74,1,1,1,3,3,3,2
C0661,Male,Black,26-35,Middle,Bachelors,None,Married,1,89,45,3.1,1,2,1,4,2,2,2
C0662,Non-binary,Black,46-55,Middle,Bachelors,None,Married,18,66,63,3.37,0,0,1,2,2,2,2
C0663,Female,Asian,26-35,Low,Bachelors,None,Single,13,89,72,3.92,0,1,3,4,1,2,2
C0664,Male,Black,36-45,Low,Masters,None,Married,19,56,92,2.6,1,2,1,3,1,3,2
C0665,Male,Other,36-45,Middle,Masters,None,Divorced,9,57,90,3.26,1,2,0,3,2,3,2
C0666,Male,Asian,26-35,Middle,Masters,None,Married,8,80,51,2.99,1,2,3,4,2,3,2
C0667,Male,White,18-25,High,High School,None,Single,9,61,95,3.26,1,2,4,1,3,1,2
C0668,Male,Asian,36-45,Low,Masters,Physical,Married,5,97,66,2.54,0,2,3,3,1,3,1
C0669,Male,White,46-55,Low,Masters,None,Single,16,80,77,2.97,1,2,4,2,1,3,2
C0670,Male,Hispanic,26-35,Middle,Masters,None,Single,5,93,57,3.73,1,2,2,4,2,3,2
C0671,Male,White,36-45,Low,Bachelors,Physical,Single,3,68,84,3.33,1,2,4,3,1,2,1
C0672,Female,Asian,26-35,Low,Masters,None,Married,19,59,78,3.18,1,1,3,4,1,3,2
C0673,Male,Asian,36-45,Middle,Masters,None,Single,2,88,94,2.93,1,2,3,3,2,3,2
C0674,Female,Hispanic,26-35,Low,High School,None,Single,18,61,52,2.95,1,1,2,4,1,1,2
C0675,Male,Hispanic,46-55,Middle,Bachelors,Mental,Single,17,69,92,3.07,0,2,2,2,2,2,0
C0676,Non-binary,White,26-35,Low,Masters,None,Divorced,3,86,79,3.75,1,0,4,4,1,3,2
C0677,Male,White,26-35,Low,High School,None,Married,7,97,69,3.95,1,2,4,4,1,1,2
C0678,Male,White,18-25,Middle,PhD,None,Single,16,90,92,3.16,1,2,4,1,2,4,2
C0679,Non-binary,White,18-25,High,Masters,None,Married,4,56,88,3.09,0,0,4,1,3,3,2
C0680,Female,Hispanic,36-45,Middle,Bachelors,None,Married,12,63,80,3.77,1,1,2,3,2,2,2
C0681,Female,White,26-35,High,Bachelors,None,Married,0,60,91,3.14,0,1,4,4,3,2,2
C0682,Male,Other,46-55,Low,High School,None,Single,12,56,52,3.33,0,2,0,2,1,1,2
C0683,Male,Hispanic,18-25,High,PhD,Physical,Divorced,3,78,73,2.85,0,2,2,1,3,4,1
C0684,Female,Asian,26-35,Low,Bachelors,None,Single,13,59,75,3.62,1,1,3,4,1,2,2
C0685,Female,White,26-35,Middle,Masters,None,Married,2,78,69,3.3,1,1,4,4,2,3,2
C0686,Female,Asian,18-25,Middle,Bachelors,None,Single,4,58,64,3.71,1,1,3,1,2,2,2
C0687,Female,Asian,18-25,High,High School,None,Single,6,85,41,3.67,1,1,3,1,3,1,2
C0688,Male,Black,26-35,Middle,High School,Physical,Single,0,97,75,2.82,1,2,1,4,2,1,1
C0689,Female,Black,36-45,Low,Bachelors,None,Married,11,59,57,3.57,1,1,1,3,1,2,2
C0690,Male,Hispanic,26-35,Low,PhD,None,Single,10,68,44,3.7,0,2,2,4,1,4,2
C0691,Male,White,36-45,High,Bachelors,None,Married,7,80,58,3.02,1,2,4,3,3,2,2
C0692,Male,Black,36-45,Middle,Bachelors,None,Single,5,66,81,2.76,1,2,1,3,2,2,2
C0693,Female,White,18-25,High,Bachelors,None,Married,1,58,57,2.5,0,1,4,1,3,2,2
C0694,Male,White,26-35,Low,Bachelors,None,Married,18,94,96,3.18,1,2,4,4,1,2,2
C0695,Male,White,55+,Middle,Bachelors,None,Married,19,82,71,3.03,1,2,4,1,2,2,2
C0696,Female,White,36-45,Low,Masters,None,Married,19,83,60,3.33,1,1,4,3,1,3,2
C0697,Male,White,36-45,High,Bachelors,None,Married,13,94,49,2.78,1,2,4,3,3,2,2
C0698,Female,White,26-35,Middle,Bachelors,None,Single,0,73,76,3.79,1,1,4,4,2,2,2
C0699,Male,Other,46-55,High,High School,Mental,Married,9,58,88,2.89,0,2,0,2,3,1,0
C0700,Female,Black,46-55,Low,PhD,None,Single,15,56,61,2.84,0,1,1,2,1,4,2
C0701,Female,Other,36-45,Middle,High School,None,Married,3,65,52,3.22,0,1,0,3,2,1,2
C0702,Male,Black,55+,Middle,High School,None,Married,10,68,94,3.25,1,2,1,1,2,1,2
C0703,Male,White,18-25,Middle,Masters,None,Single,15,88,56,2.82,1,2,4,1,2,3,2
C0704,Male,Black,18-25,High,Bachelors,None,Single,19,55,48,2.91,1,2,1,1,3,2,2
C0705,Male,Black,46-55,High,Bachelors,Physical,Married,0,99,63,2.75,1,2,1,2,3,2,1
C0706,Non-binary,White,46-55,High,Bachelors,None,Married,15,60,83,3.58,1,0,4,2,3,2,2
C0707,Male,Hispanic,18-25,Middle,Masters,Physical,Divorced,18,61,53,3.66,1,2,2,1,2,3,1
C0708,Female,White,26-35,Low,High School,None,Married,8,91,85,3.19,1,1,4,4,1,1,2
C0709,Male,Black,18-25,Low,Masters,None,Married,8,62,47,3.57,1,2,1,1,1,3,2
C0710,Female,Hispanic,26-35,High,Bachelors,Physical,Divorced,8,61,94,3.6,0,1,2,4,3,2,1
C0711,Female,White,46-55,Low,Bachelors,None,Single,16,70,76,2.71,1,1,4,2,1,2,2
C0712,Female,White,36-45,Middle,Bachelors,Mental,Single,11,59,58,3.95,1,1,4,3,2,2,0
C0713,Male,Hispanic,26-35,Middle,Bachelors,None,Married,12,69,67,3.73,1,2,2,4,2,2,2
C0714,Male,Black,26-35,Middle,Masters,Mental,Married,7,99,85,2.81,1,2,1,4,2,3,0
C0715,Male,White,18-25,High,Bachelors,None,Divorced,15,85,80,2.78,1,2,4,1,3,2,2
C0716,Female,Other,26-35,Middle,Bachelors,None,Married,17,77,69,2.69,1,1,0,4,2,2,2
C0717,Female,White,36-45,Middle,Bachelors,None,Single,0,73,46,2.71,1,1,4,3,2,2,2
C0718,Non-binary,Hispanic,55+,Low,PhD,None,Married,0,54,98,3.62,0,0,2,1,1,4,2
C0719,Male,Other,46-55,Middle,Bachelors,None,Single,11,86,97,3.2,1,2,0,2,2,2,2
C0720,Female,White,18-25,Low,PhD,None,Single,5,61,65,3.67,1,1,4,1,1,4,2
C0721,Female,White,46-55,Middle,Bachelors,None,Married,8,84,79,3.62,1,1,4,2,2,2,2
C0722,Male,White,46-55,High,High School,None,Single,4,89,85,3.41,1,2,4,2,3,1,2
C0723,Male,White,46-55,High,High School,None,Married,15,51,93,3.53,1,2,4,2,3,1,2
C0724,Female,White,26-35,Low,Bachelors,None,Married,17,99,99,2.53,1,1,4,4,1,2,2
C0725,Female,Hispanic,26-35,Middle,High School,None,Married,16,90,85,2.97,1,1,2,4,2,1,2
C0726,Female,White,26-35,High,High School,None,Single,17,94,50,3.46,1,1,4,4,3,1,2
C0727,Male,Black,18-25,Low,PhD,None,Single,0,88,53,2.51,1,2,1,1,1,4,2
C0728,Female,Other,26-35,Low,Masters,None,Single,18,91,60,2.55,1,1,0,4,1,3,2
C0729,Male,Hispanic,26-35,Low,Masters,None,Divorced,7,58,47,3.78,1,2,2,4,1,3,2
C0730,Male,Black,36-45,Middle,High School,Mental,Married,2,71,42,3.53,0,2,1,3,2,1,0
C0731,Male,White,46-55,Low,High School,Physical,Married,4,96,67,2.9,1,2,4,2,1,1,1
C0732,Female,Black,26-35,High,High School,None,Single,7,54,68,3.53,0,1,1,4,3,1,2
C0733,Female,Black,18-25,Middle,Masters,None,Divorced,18,61,62,3.69,0,1,1,1,2,3,2
C0734,Female,Black,55+,Middle,PhD,None,Single,17,50,57,2.96,0,1,1,1,2,4,2
C0735,Male,White,55+,Low,Bachelors,None,Single,17,93,74,2.55,1,2,4,1,1,2,2
C0736,Female,Asian,46-55,Middle,High School,None,Married,0,71,52,3.9,1,1,3,2,2,1,2
C0737,Male,Black,55+,Middle,Bachelors,None,Divorced,14,87,51,3.02,1,2,1,1,2,2,2
C0738,Female,White,36-45,High,Bachelors,None,Single,17,68,86,2.66,1,1,4,3,3,2,2
C0739,Male,White,55+,High,Bachelors,None,Single,6,65,89,3.24,1,2,4,1,3,2,2
C0740,Male,White,18-25,Middle,Bachelors,None,Divorced,15,80,44,3.65,1,2,4,1,2,2,2
C0741,Male,Asian,26-35,High,Masters,Physical,Single,15,52,78,2.83,1,2,3,4,3,3,1
C0742,Male,Hispanic,26-35,High,High School,None,Single,14,72,50,2.9,1,2,2,4,3,1,2
C0743,Female,Hispanic,26-35,High,High School,Physical,Married,5,91,97,2.86,1,1,2,4,3,1,1
C0744,Female,White,18-25,Low,PhD,Mental,Divorced,8,67,98,3.99,0,1,4,1,1,4,0
C0745,Male,White,36-45,Low,High School,None,Married,6,75,50,2.8,1,2,4,3,1,1,2
C0746,Female,Black,46-55,Low,High School,None,Divorced,13,62,98,3.36,0,1,1,2,1,1,2
C0747,Male,White,36-45,Middle,High School,None,Married,10,67,86,3.89,1,2,4,3,2,1,2
C0748,Female,White,18-25,Middle,High School,Mental,Single,15,52,81,2.72,1,1,4,1,2,1,0
C0749,Female,Hispanic,46-55,Middle,Bachelors,Mental,Divorced,5,72,86,3.96,0,1,2,2,2,2,0
C0750,Female,White,36-45,High,Masters,None,Married,15,52,70,3.92,1,1,4,3,3,3,2
C0751,Male,Black,26-35,High,Bachelors,None,Single,19,74,70,3.83,1,2,1,4,3,2,2
C0752,Female,White,36-45,High,Bachelors,None,Married,15,76,52,2.82,1,1,4,3,3,2,2
C0753,Female,White,26-35,Middle,Masters,None,Single,11,93,53,3.45,1,1,4,4,2,3,2
C0754,Male,White,26-35,Middle,Bachelors,None,Single,16,76,88,3.64,1,2,4,4,2,2,2
C0755,Male,Other,55+,Low,Masters,Physical,Single,4,88,84,3.98,0,2,0,1,1,3,1
C0756,Female,Hispanic,26-35,Low,Masters,None,Married,12,74,81,2.77,1,1,2,4,1,3,2
C0757,Female,Other,26-35,Low,High School,None,Married,7,73,64,3.65,1,1,0,4,1,1,2
C0758,Female,Black,46-55,Middle,Masters,None,Married,4,57,72,3.01,0,1,1,2,2,3,2
C0759,Female,White,36-45,Middle,Bachelors,None,Divorced,11,58,72,2.76,1,1,4,3,2,2,2
C0760,Female,Black,18-25,High,PhD,None,Single,8,95,54,3.13,1,1,1,1,3,4,2
C0761,Male,Black,18-25,Low,Bachelors,None,Single,2,86,55,3.69,1,2,1,1,1,2,2
C0762,Male,Asian,18-25,Middle,PhD,Mental,Single,2,79,83,3.2,1,2,3,1,2,4,0
C0763,Male,White,36-45,Middle,Masters,Mental,Single,0,68,97,3.31,1,2,4,3,2,3,0
C0764,Female,Black,26-35,Low,High School,None,Single,17,65,95,3.99,0,1,1,4,1,1,2
C0765,Male,White,18-25,Middle,Bachelors,Physical,Married,11,73,77,3.1,1,2,4,1,2,2,1
C0766,Female,White,55+,Low,PhD,None,Divorced,8,93,45,3.42,1,1,4,1,1,4,2
C0767,Female,Hispanic,36-45,Middle,Masters,None,Divorced,8,70,83,3.05,0,1,2,3,2,3,2
C0768,Female,Black,26-35,Middle,High School,None,Single,17,85,64,3.09,1,1,1,4,2,1,2
C0769,Male,White,36-45,Low,Masters,None,Divorced,17,89,54,3.54,1,2,4,3,1,3,2
C0770,Female,White,36-45,Low,Bachelors,Physical,Single,6,88,43,3.91,0,1,4,3,1,2,1
C0771,Male,Black,18-25,Middle,High School,None,Single,3,96,95,3.31,1,2,1,1,2,1,2
C0772,Female,Hispanic,26-35,High,Bachelors,None,Divorced,12,55,43,3.65,1,1,2,4,3,2,2
C0773,Male,Asian,46-55,Middle,High School,None,Married,16,54,69,2.63,1,2,3,2,2,1,2
C0774,Male,Other,26-35,Middle,Masters,None,Single,1,63,73,2.82,1,2,0,4,2,3,2
C0775,Female,Hispanic,36-45,Middle,Bachelors,None,Married,13,94,66,3.25,1,1,2,3,2,2,2
C0776,Male,White,26-35,High,Masters,None,Single,2,91,70,2.53,1,2,4,4,3,3,2
C0777,Male,Hispanic,18-25,High,High School,None,Married,4,99,95,2.88,1,2,2,1,3,1,2
C0778,Female,Black,18-25,Middle,Bachelors,None,Married,13,53,71,3.28,1,1,1,1,2,2,2
C0779,Female,White,26-35,Middle,High School,Physical,Divorced,2,57,83,2.52,0,1,4,4,2,1,1
C0780,Female,Asian,26-35,High,High School,None,Single,6,73,78,2.9,1,1,3,4,3,1,2
C0781,Female,White,18-25,Middle,High School,None,Single,17,60,91,3.27,1,1,4,1,2,1,2
C0782,Female,Asian,46-55,Middle,High School,None,Married,12,66,48,3.36,1,1,3,2,2,1,2
C0783,Male,Black,55+,Low,Bachelors,None,Married,9,99,80,3.89,1,2,1,1,1,2,2
C0784,Male,Black,46-55,High,Bachelors,None,Single,12,70,47,3.47,1,2,1,2,3,2,2
C0785,Male,Hispanic,46-55,High,Bachelors,None,Married,15,75,53,3.12,1,2,2,2,3,2,2
C0786,Female,Asian,26-35,Low,Bachelors,Physical,Divorced,8,92,72,3.9,1,1,3,4,1,2,1
C0787,Female,Black,55+,Middle,Masters,None,Divorced,1,97,62,3.68,1,1,1,1,2,3,2
C0788,Male,Black,26-35,Middle,PhD,None,Married,4,93,60,2.8,1,2,1,4,2,4,2
C0789,Male,White,55+,Low,Bachelors,Mental,Divorced,16,94,94,2.7,1,2,4,1,1,2,0
C0790,Non-binary,Black,55+,High,Bachelors,None,Married,3,76,51,3.51,0,0,1,1,3,2,2
C0791,Male,White,36-45,Low,High School,None,Married,16,65,96,3.34,0,2,4,3,1,1,2
C0792,Female,Hispanic,55+,Low,PhD,None,Single,8,75,41,3.68,1,1,2,1,1,4,2
C0793,Female,Black,36-45,Middle,High School,Mental,Single,19,82,52,3.61,1,1,1,3,2,1,0
C0794,Female,Hispanic,26-35,Middle,Bachelors,Physical,Single,1,80,98,3.44,1,1,2,4,2,2,1
C0795,Male,White,26-35,Low,Bachelors,None,Married,17,97,43,3.98,1,2,4,4,1,2,2
C0796,Female,White,36-45,Middle,Bachelors,None,Single,10,96,59,3.3,1,1,4,3,2,2,2
C0797,Female,Hispanic,18-25,Middle,High School,None,Divorced,12,55,89,2.67,0,1,2,1,2,1,2
C0798,Female,White,36-45,Low,Masters,Mental,Single,7,93,90,3.74,0,1,4,3,1,3,0
C0799,Female,White,55+,Low,High School,Mental,Single,0,57,87,2.88,0,1,4,1,1,1,0
C0800,Female,White,26-35,Middle,Bachelors,None,Married,16,56,98,3.67,1,1,4,4,2,2,2
C0801,Female,Other,46-55,Low,High School,None,Single,11,83,53,3.94,0,1,0,2,1,1,2
C0802,Male,Hispanic,46-55,High,High School,None,Single,3,93,69,3.55,1,2,2,2,3,1,2
C0803,Female,White,55+,High,PhD,None,Single,12,63,68,3.39,0,1,4,1,3,4,2
C0804,Female,White,55+,High,High School,None,Married,8,65,47,3.19,0,1,4,1,3,1,2
C0805,Male,White,36-45,Low,Masters,None,Married,6,92,51,3.05,1,2,4,3,1,3,2
C0806,Female,Hispanic,55+,High,Bachelors,None,Married,4,58,80,3.03,0,1,2,1,3,2,2
C0807,Female,Hispanic,46-55,Middle,High School,None,Married,4,59,77,3.45,0,1,2,2,2,1,2
C0808,Female,White,18-25,Middle,PhD,Mental,Married,16,66,65,3.63,1,1,4,1,2,4,0
C0809,Male,White,26-35,Low,High School,None,Single,8,61,89,3.52,0,2,4,4,1,1,2
C0810,Male,White,36-45,Low,Masters,None,Single,5,55,41,2.8,1,2,4,3,1,3,2
C0811,Non-binary,Hispanic,26-35,Middle,High School,None,Married,18,68,94,3.24,1,0,2,4,2,1,2
C0812,Female,Hispanic,36-45,Middle,Masters,Mental,Single,15,92,79,3.69,1,1,2,3,2,3,0
C0813,Male,White,36-45,Low,High School,Physical,Single,1,90,95,3.21,1,2,4,3,1,1,1
C0814,Female,White,18-25,Middle,Bachelors,None,Married,9,78,53,3.3,0,1,4,1,2,2,2
C0815,Female,White,36-45,Low,Masters,None,Married,15,55,45,3.66,0,1,4,3,1,3,2
C0816,Female,Other,46-55,Middle,PhD,None,Single,4,74,81,3.49,1,1,0,2,2,4,2
C0817,Female,White,36-45,Middle,PhD,None,Single,14,73,79,3.11,1,1,4,3,2,4,2
C0818,Male,Hispanic,18-25,High,Masters,None,Divorced,12,74,70,3.84,1,2,2,1,3,3,2
C0819,Male,Black,18-25,High,Masters,Mental,Divorced,12,65,56,2.74,1,2,1,1,3,3,0
C0820,Male,White,26-35,Middle,High School,None,Married,12,65,64,3.99,1,2,4,4,2,1,2
C0821,Female,White,55+,Middle,Bachelors,Physical,Married,14,55,71,2.68,0,1,4,1,2,2,1
C0822,Male,White,26-35,Middle,Bachelors,None,Married,13,86,51,2.52,0,2,4,4,2,2,2
C0823,Male,Black,36-45,High,Bachelors,None,Divorced,7,70,88,3.84,1,2,1,3,3,2,2
C0824,Male,Hispanic,26-35,Middle,Bachelors,None,Divorced,10,53,52,2.87,0,2,2,4,2,2,2
C0825,Female,Hispanic,26-35,Low,Bachelors,None,Single,17,83,58,3.59,1,1,2,4,1,2,2
C0826,Female,Black,46-55,Low,High School,None,Married,3,77,83,3.72,0,1,1,2,1,1,2
C0827,Male,White,36-45,Middle,Masters,None,Single,9,87,87,3.79,1,2,4,3,2,3,2
C0828,Male,Other,18-25,Middle,High School,None,Single,0,90,64,3.99,1,2,0,1,2,1,2
C0829,Female,Hispanic,26-35,High,Bachelors,None,Married,4,77,70,2.94,0,1,2,4,3,2,2
C0830,Male,White,18-25,Low,Bachelors,None,Married,12,66,98,3.57,1,2,4,1,1,2,2
C0831,Male,Other,36-45,Middle,Masters,Mental,Divorced,0,63,76,2.67,1,2,0,3,2,3,0
C0832,Male,Black,36-45,High,Masters,None,Single,7,56,64,3.11,0,2,1,3,3,3,2
C0833,Male,Black,18-25,High,Bachelors,None,Married,2,71,55,3.77,0,2,1,1,3,2,2
C0834,Male,Hispanic,26-35,Middle,High School,None,Divorced,2,50,96,3.05,0,2,2,4,2,1,2
C0835,Female,Hispanic,26-35,Middle,Bachelors,None,Divorced,6,78,77,3.39,0,1,2,4,2,2,2
C0836,Male,Hispanic,55+,Middle,High School,None,Single,3,80,82,3.26,1,2,2,1,2,1,2
C0837,Female,White,55+,High,Bachelors,Physical,Single,2,79,88,3.47,0,1,4,1,3,2,1
C0838,Male,White,18-25,Low,Bachelors,None,Married,14,64,97,3.96,1,2,4,1,1,2,2
C0839,Female,Asian,46-55,High,High School,None,Single,7,67,62,2.58,0,1,3,2,3,1,2
C0840,Female,White,26-35,Middle,Bachelors,None,Divorced,2,84,53,3.36,0,1,4,4,2,2,2
C0841,Male,White,26-35,Middle,PhD,None,Divorced,6,99,45,3.79,1,2,4,4,2,4,2
C0842,Female,Black,46-55,Low,PhD,None,Single,17,79,64,3.22,1,1,1,2,1,4,2
C0843,Male,Black,55+,Middle,Bachelors,None,Single,10,83,62,2.62,0,2,1,1,2,2,2
C0844,Non-binary,Black,55+,Middle,High School,None,Single,10,91,99,3.34,1,0,1,1,2,1,2
C0845,Male,Asian,36-45,Low,High School,Physical,Divorced,16,60,82,3.0,0,2,3,3,1,1,1
C0846,Male,White,26-35,Middle,Bachelors,None,Single,5,76,51,2.73,1,2,4,4,2,2,2
C0847,Male,White,46-55,High,PhD,None,Married,7,73,52,3.77,0,2,4,2,3,4,2
C0848,Non-binary,White,26-35,Middle,High School,None,Married,0,84,75,3.28,1,0,4,4,2,1,2
C0849,Female,Asian,36-45,Middle,Masters,None,Married,9,88,78,3.9,1,1,3,3,2,3,2
C0850,Female,Hispanic,26-35,Low,High School,None,Single,18,57,73,3.71,1,1,2,4,1,1,2
C0851,Male,White,36-45,Middle,PhD,None,Single,2,67,45,3.54,1,2,4,3,2,4,2
C0852,Female,Hispanic,26-35,Low,Bachelors,Mental,Divorced,3,62,77,2.51,0,1,2,4,1,2,0
C0853,Male,Asian,26-35,Middle,Masters,Physical,Divorced,10,94,89,3.14,1,2,3,4,2,3,1
C0854,Female,Asian,55+,High,Bachelors,Physical,Married,14,73,91,2.8,0,1,3,1,3,2,1
C0855,Male,Asian,18-25,Middle,Bachelors,None,Single,0,72,79,3.87,1,2,3,1,2,2,2
C0856,Male,White,36-45,Low,High School,None,Single,8,61,47,2.76,1,2,4,3,1,1,2
C0857,Male,Hispanic,26-35,Middle,High School,None,Married,10,98,47,2.93,1,2,2,4,2,1,2
C0858,Male,Black,18-25,Middle,PhD,None,Single,18,79,79,3.28,1,2,1,1,2,4,2
C0859,Female,Asian,18-25,Middle,PhD,None,Divorced,12,80,72,2.9,1,1,3,1,2,4,2
C0860,Male,Hispanic,18-25,High,Masters,None,Married,15,77,73,2.81,1,2,2,1,3,3,2
C0861,Female,Hispanic,46-55,High,Bachelors,None,Single,3,71,83,3.4,0,1,2,2,3,2,2
C0862,Male,Hispanic,26-35,Middle,Masters,None,Divorced,0,93,54,2.63,1,2,2,4,2,3,2
C0863,Female,White,55+,Middle,High School,None,Divorced,19,77,75,2.59,1,1,4,1,2,1,2
C0864,Male,Black,36-45,Low,Bachelors,None,Single,12,62,99,3.06,1,2,1,3,1,2,2
C0865,Male,Other,26-35,Low,Bachelors,None,Married,0,74,96,3.58,1,2,0,4,1,2,2
C0866,Female,Asian,36-45,Middle,Bachelors,None,Single,4,93,74,3.33,0,1,3,3,2,2,2
C0867,Male,White,36-45,Middle,Bachelors,None,Single,4,95,85,3.13,1,2,4,3,2,2,2
C0868,Male,White,46-55,Middle,High School,None,Single,13,56,61,3.35,1,2,4,2,2,1,2
C0869,Female,White,26-35,Middle,Bachelors,None,Married,13,94,62,3.05,1,1,4,4,2,2,2
C0870,Non-binary,Hispanic,26-35,Low,Masters,None,Divorced,7,55,79,3.9,0,0,2,4,1,3,2
C0871,Male,Hispanic,46-55,Middle,Bachelors,None,Married,3,73,84,2.58,1,2,2,2,2,2,2
C0872,Male,White,55+,Low,High School,None,Single,6,68,94,3.51,0,2,4,1,1,1,2
C0873,Female,Black,46-55,Low,High School,None,Married,19,68,90,3.84,1,1,1,2,1,1,2
C0874,Male,Asian,26-35,High,High School,Physical,Single,18,85,61,3.71,1,2,3,4,3,1,1
C0875,Male,Hispanic,46-55,Low,Bachelors,None,Divorced,14,58,44,2.78,0,2,2,2,1,2,2
C0876,Male,Black,26-35,Middle,Bachelors,None,Married,3,97,70,2.94,1,2,1,4,2,2,2
C0877,Female,Black,36-45,Low,Bachelors,Physical,Single,18,85,52,3.58,0,1,1,3,1,2,1
C0878,Female,Black,26-35,High,Masters,None,Single,8,87,67,2.63,1,1,1,4,3,3,2
C0879,Male,White,36-45,Middle,Bachelors,None,Married,12,89,97,3.72,1,2,4,3,2,2,2
C0880,Male,Black,26-35,Low,Masters,None,Single,13,78,59,3.58,1,2,1,4,1,3,2
C0881,Male,Hispanic,26-35,Middle,High School,None,Married,13,73,72,3.59,1,2,2,4,2,1,2
C0882,Female,Asian,46-55,Middle,Bachelors,None,Single,9,97,55,2.65,1,1,3,2,2,2,2
C0883,Male,Black,26-35,High,Masters,None,Single,15,54,68,3.58,1,2,1,4,3,3,2
C0884,Male,Hispanic,18-25,Low,High School,Mental,Married,4,91,62,3.52,1,2,2,1,1,1,0
C0885,Female,White,18-25,High,High School,None,Divorced,5,94,63,3.75,1,1,4,1,3,1,2
C0886,Male,Black,55+,High,Masters,None,Divorced,1,75,73,2.56,1,2,1,1,3,3,2
C0887,Female,White,36-45,High,Bachelors,None,Single,12,63,46,2.53,1,1,4,3,3,2,2
C0888,Male,White,26-35,Middle,Masters,Physical,Single,12,88,77,3.06,1,2,4,4,2,3,1
C0889,Male,Hispanic,46-55,Middle,High School,None,Single,18,78,76,2.72,1,2,2,2,2,1,2
C0890,Male,Other,46-55,Middle,Masters,None,Married,17,55,43,3.34,1,2,0,2,2,3,2
C0891,Female,White,26-35,High,Bachelors,None,Married,18,56,73,3.88,1,1,4,4,3,2,2
C0892,Female,White,36-45,Middle,High School,None,Divorced,0,86,81,3.09,1,1,4,3,2,1,2
C0893,Female,Hispanic,46-55,Middle,Bachelors,None,Divorced,7,67,61,3.77,1,1,2,2,2,2,2
C0894,Male,White,36-45,Middle,High School,None,Single,15,72,44,2.5,1,2,4,3,2,1,2
C0895,Female,Black,18-25,Middle,Bachelors,None,Married,1,93,89,2.75,0,1,1,1,2,2,2
C0896,Male,Hispanic,46-55,High,High School,None,Divorced,7,87,81,2.55,1,2,2,2,3,1,2
C0897,Male,Black,36-45,Low,High School,Physical,Married,5,50,62,2.99,1,2,1,3,1,1,1
C0898,Female,White,26-35,High,Bachelors,None,Single,15,53,93,3.86,1,1,4,4,3,2,2
C0899,Male,White,26-35,Middle,High School,Mental,Single,10,93,99,2.65,1,2,4,4,2,1,0
C0900,Male,Hispanic,18-25,High,PhD,None,Married,16,96,54,3.41,1,2,2,1,3,4,2
C0901,Male,Black,18-25,Middle,High School,None,Single,18,84,70,3.18,1,2,1,1,2,1,2
C0902,Male,White,46-55,Middle,Bachelors,None,Single,10,72,98,3.91,1,2,4,2,2,2,2
C0903,Male,Hispanic,18-25,High,High School,None,Single,7,76,48,2.68,1,2,2,1,3,1,2
C0904,Female,White,26-35,Low,Bachelors,None,Married,3,75,82,2.82,1,1,4,4,1,2,2
C0905,Male,Hispanic,36-45,High,PhD,None,Single,10,57,97,2.54,1,2,2,3,3,4,2
C0906,Female,White,18-25,Middle,High School,None,Single,7,92,92,3.15,1,1,4,1,2,1,2
C0907,Female,Other,55+,Middle,PhD,None,Single,8,65,64,2.92,0,1,0,1,2,4,2
C0908,Male,White,26-35,Middle,High School,None,Married,1,90,64,3.8,1,2,4,4,2,1,2
C0909,Male,White,26-35,Middle,Masters,None,Divorced,15,52,88,3.41,1,2,4,4,2,3,2
C0910,Male,White,26-35,Middle,Bachelors,None,Married,5,81,60,3.42,1,2,4,4,2,2,2
C0911,Female,White,26-35,Low,Masters,None,Married,18,54,48,3.3,1,1,4,4,1,3,2
C0912,Male,Asian,18-25,Low,Bachelors,Mental,Divorced,7,69,94,2.64,1,2,3,1,1,2,0
C0913,Female,Other,36-45,Low,Bachelors,None,Single,13,63,87,3.17,0,1,0,3,1,2,2
C0914,Male,White,55+,High,High School,None,Single,15,81,77,4.0,1,2,4,1,3,1,2
C0915,Female,Black,26-35,High,High School,None,Single,11,75,61,3.75,1,1,1,4,3,1,2
C0916,Male,Hispanic,36-45,Middle,PhD,None,Single,4,96,82,3.84,1,2,2,3,2,4,2
C0917,Male,Asian,46-55,Middle,Bachelors,Mental,Single,18,55,62,3.73,0,2,3,2,2,2,0
C0918,Non-binary,Black,46-55,Middle,Bachelors,None,Divorced,17,85,88,2.65,1,0,1,2,2,2,2
C0919,Female,White,26-35,Middle,Masters,None,Married,8,89,43,2.84,1,1,4,4,2,3,2
C0920,Male,White,26-35,High,Bachelors,None,Married,1,54,68,2.5,1,2,4,4,3,2,2
C0921,Female,Hispanic,26-35,High,PhD,None,Divorced,19,62,54,2.96,1,1,2,4,3,4,2
C0922,Female,White,36-45,Middle,Masters,Mental,Single,11,81,40,2.66,1,1,4,3,2,3,0
C0923,Female,Black,46-55,High,Bachelors,None,Single,1,65,93,3.21,0,1,1,2,3,2,2
C0924,Female,White,26-35,Low,Masters,None,Married,9,50,69,3.52,1,1,4,4,1,3,2
C0925,Male,Hispanic,26-35,High,High School,None,Married,0,62,68,3.81,1,2,2,4,3,1,2
C0926,Male,White,46-55,Low,Bachelors,None,Single,3,60,59,3.62,1,2,4,2,1,2,2
C0927,Male,Black,46-55,Middle,Bachelors,None,Married,11,57,72,3.91,1,2,1,2,2,2,2
C0928,Female,Black,55+,Middle,High School,None,Married,8,74,80,2.58,0,1,1,1,2,1,2
C0929,Female,Hispanic,46-55,Middle,Masters,None,Married,3,89,83,2.52,1,1,2,2,2,3,2
C0930,Male,White,26-35,Low,PhD,Physical,Married,8,81,75,3.49,1,2,4,4,1,4,1
C0931,Male,Black,36-45,High,Bachelors,None,Single,5,73,99,2.93,1,2,1,3,3,2,2
C0932,Female,Black,36-45,Low,Bachelors,None,Single,0,77,61,2.88,0,1,1,3,1,2,2
C0933,Non-binary,Black,18-25,Middle,PhD,None,Married,9,63,52,3.0,1,0,1,1,2,4,2
C0934,Female,Black,36-45,Low,Bachelors,Mental,Single,13,94,46,2.9,0,1,1,3,1,2,0
C0935,Male,Hispanic,36-45,Middle,Bachelors,None,Divorced,17,52,47,3.27,1,2,2,3,2,2,2
C0936,Male,Hispanic,18-25,Middle,Bachelors,None,Married,5,85,67,3.16,0,2,2,1,2,2,2
C0937,Male,White,46-55,Middle,PhD,None,Single,17,76,84,3.27,1,2,4,2,2,4,2
C0938,Female,Asian,36-45,Low,Bachelors,None,Married,19,69,82,3.51,1,1,3,3,1,2,2
C0939,Male,Black,55+,Low,Masters,None,Married,15,96,48,3.08,1,2,1,1,1,3,2
C0940,Female,White,18-25,Middle,Masters,None,Single,14,64,64,2.88,1,1,4,1,2,3,2
C0941,Male,White,26-35,High,Bachelors,None,Married,15,76,95,2.75,1,2,4,4,3,2,2
C0942,Female,White,36-45,High,Bachelors,None,Divorced,7,94,55,3.02,1,1,4,3,3,2,2
C0943,Female,Hispanic,26-35,Low,Masters,None,Married,12,90,49,3.61,1,1,2,4,1,3,2
C0944,Female,Hispanic,36-45,Middle,Bachelors,Physical,Single,10,77,50,3.64,0,1,2,3,2,2,1
C0945,Male,Hispanic,46-55,Low,Masters,Mental,Married,6,74,70,3.5,0,2,2,2,1,3,0
C0946,Male,Black,18-25,Low,PhD,None,Married,16,91,51,2.85,0,2,1,1,1,4,2
C0947,Male,Black,36-45,Middle,Bachelors,None,Single,17,93,99,3.38,1,2,1,3,2,2,2
C0948,Female,White,36-45,Middle,Masters,None,Single,18,95,70,3.36,1,1,4,3,2,3,2
C0949,Female,White,26-35,Low,Masters,None,Divorced,12,82,53,3.23,1,1,4,4,1,3,2
C0950,Female,Black,55+,Low,Masters,Physical,Single,14,95,90,3.32,0,1,1,1,1,3,1
C0951,Female,White,46-55,Low,Bachelors,None,Married,0,63,83,3.24,0,1,4,2,1,2,2
C0952,Female,White,36-45,High,High School,None,Married,15,57,71,3.35,1,1,4,3,3,1,2
C0953,Male,Black,36-45,High,Bachelors,None,Married,4,97,89,3.57,1,2,1,3,3,2,2
C0954,Female,Hispanic,26-35,Low,Masters,None,Single,2,63,92,2.66,0,1,2,4,1,3,2
C0955,Male,Other,55+,Low,Bachelors,None,Married,9,50,56,3.62,0,2,0,1,1,2,2
C0956,Male,Asian,36-45,High,Masters,None,Single,18,65,74,2.7,1,2,3,3,3,3,2
C0957,Female,Hispanic,36-45,High,Bachelors,None,Married,4,67,40,2.6,1,1,2,3,3,2,2
C0958,Male,Black,46-55,Middle,Bachelors,None,Married,6,56,68,3.96,0,2,1,2,2,2,2
C0959,Male,Black,26-35,Low,High School,None,Married,13,64,90,3.94,1,2,1,4,1,1,2
C0960,Female,Hispanic,46-55,Low,Masters,None,Divorced,2,73,43,2.59,0,1,2,2,1,3,2
C0961,Male,White,26-35,Middle,Bachelors,None,Married,12,98,62,3.16,1,2,4,4,2,2,2
C0962,Female,White,26-35,Middle,High School,Mental,Single,12,62,67,2.78,1,1,4,4,2,1,0
C0963,Male,Asian,26-35,Low,Bachelors,None,Divorced,9,58,55,3.23,0,2,3,4,1,2,2
C0964,Male,White,55+,Middle,Masters,None,Married,1,64,51,3.75,0,2,4,1,2,3,2
C0965,Male,Black,46-55,Low,Bachelors,None,Single,5,84,92,3.93,1,2,1,2,1,2,2
C0966,Male,Black,36-45,High,High School,Physical,Single,7,73,60,3.45,0,2,1,3,3,1,1
C0967,Female,White,36-45,Middle,PhD,Physical,Married,3,82,84,3.03,1,1,4,3,2,4,1
C0968,Male,White,36-45,Low,Masters,None,Single,11,65,56,3.4,1,2,4,3,1,3,2
C0969,Female,White,55+,Middle,PhD,Mental,Married,14,57,79,2.97,0,1,4,1,2,4,0
C0970,Male,White,36-45,Middle,Bachelors,Physical,Married,7,78,52,3.86,1,2,4,3,2,2,1
C0971,Female,White,26-35,High,Bachelors,None,Single,6,72,91,3.81,1,1,4,4,3,2,2
C0972,Female,Asian,18-25,Middle,Masters,None,Married,13,94,97,3.34,1,1,3,1,2,3,2
C0973,Female,White,46-55,Low,Bachelors,None,Single,18,80,71,2.99,1,1,4,2,1,2,2
C0974,Male,Black,46-55,Middle,Masters,Physical,Married,13,89,76,2.94,1,2,1,2,2,3,1
C0975,Male,White,26-35,Low,Bachelors,None,Married,12,98,89,2.55,1,2,4,4,1,2,2
C0976,Male,Asian,18-25,High,Bachelors,Mental,Married,0,63,54,3.72,0,2,3,1,3,2,0
C0977,Female,White,46-55,Middle,High School,None,Married,18,79,51,3.18,1,1,4,2,2,1,2
C0978,Male,Black,18-25,Middle,High School,None,Married,0,88,88,2.99,1,2,1,1,2,1,2
C0979,Female,Asian,36-45,Low,High School,None,Married,3,76,96,3.21,0,1,3,3,1,1,2
C0980,Female,Asian,55+,Middle,High School,None,Single,9,96,54,3.73,1,1,3,1,2,1,2
C0981,Male,White,26-35,High,PhD,None,Single,2,65,73,2.69,1,2,4,4,3,4,2
C0982,Female,Hispanic,26-35,High,High School,None,Married,19,55,45,3.79,1,1,2,4,3,1,2
C0983,Male,Black,36-45,Low,Masters,Mental,Divorced,8,82,56,3.85,0,2,1,3,1,3,0
C0984,Male,Black,46-55,Low,Masters,None,Married,2,93,87,3.92,0,2,1,2,1,3,2
C0985,Female,White,36-45,High,Bachelors,None,Married,5,67,88,3.1,1,1,4,3,3,2,2
C0986,Female,White,55+,High,High School,None,Single,5,65,96,2.83,0,1,4,1,3,1,2
C0987,Female,Hispanic,18-25,Low,Masters,None,Married,11,61,59,3.06,0,1,2,1,1,3,2
C0988,Male,Black,36-45,Middle,Bachelors,Mental,Married,0,69,48,3.0,1,2,1,3,2,2,0
C0989,Male,Black,36-45,Middle,Masters,None,Single,15,94,98,2.76,1,2,1,3,2,3,2
C0990,Female,Hispanic,46-55,High,Masters,Physical,Single,4,89,44,3.41,1,1,2,2,3,3,1
C0991,Female,Hispanic,18-25,Low,PhD,None,Divorced,8,78,62,3.21,1,1,2,1,1,4,2
C0992,Female,White,46-55,Low,Bachelors,None,Single,9,79,72,3.8,0,1,4,2,1,2,2
C0993,Male,Black,36-45,High,Bachelors,None,Single,12,75,77,2.55,1,2,1,3,3,2,2
C0994,Female,White,26-35,Low,Bachelors,None,Single,14,71,95,3.47,1,1,4,4,1,2,2
C0995,Male,Hispanic,18-25,Middle,High School,None,Divorced,11,82,53,3.64,1,2,2,1,2,1,2
C0996,Male,Hispanic,46-55,Middle,Masters,None,Married,4,88,56,3.64,1,2,2,2,2,3,2
C0997,Female,Other,18-25,Middle,High School,None,Married,4,96,96,3.83,1,1,0,1,2,1,2
C0998,Male,White,26-35,Middle,Bachelors,None,Divorced,17,78,58,3.59,1,2,4,4,2,2,2
C0999,Non-binary,White,26-35,Middle,Masters,None,Single,11,71,72,3.89,0,0,4,4,2,3,2
C1000,Male,White,46-55,Low,Bachelors,None,Married,2,94,40,3.0,1,2,4,2,1,2,2
